article_id,day,publish_date,keyword,slug,url,linkedin_post,linkedin_char_count,twitter_thread_json,twitter_tweet_count,hashtags
kw_001,1,2026-07-16,AI workflow automation Dallas services,ai-workflow-automation-dallas-services,https://www.operive.com/blog/ai-workflow-automation-dallas-services/,"New Operive guide: AI workflow automation Dallas services. Practical steps for Dallas teams to pick the right workflow, measure ROI, and capture leads faster. #AIWorkflow #DallasBusiness #Automation https://www.operive.com/blog/ai-workflow-automation-dallas-services/",267,"[""Dallas teams lose leads when intake and follow-up depend on busy staff. New guide: AI workflow automation Dallas services."", ""Start with one high-friction workflow: missed calls, quote requests, booking reminders, or lead qualification."", ""Measure before/after: response speed, captured leads, booked appointments, staff time saved, and handoff quality."", ""Read the practical breakdown: https://www.operive.com/blog/ai-workflow-automation-dallas-services/ #AIWorkflow #DallasBusiness #Automation""]",4,#AIWorkflow #DallasBusiness #Automation
kw_002,2,2026-07-17,AI workflow automation Dallas company,ai-workflow-automation-dallas-company,https://www.operive.com/blog/ai-workflow-automation-dallas-company/,"New Operive guide: AI workflow automation Dallas company. Practical steps for Dallas teams to pick the right workflow, measure ROI, and capture leads faster. #AIWorkflow #DallasBusiness #Automation https://www.operive.com/blog/ai-workflow-automation-dallas-company/",265,"[""Dallas teams lose leads when intake and follow-up depend on busy staff. New guide: AI workflow automation Dallas company."", ""Start with one high-friction workflow: missed calls, quote requests, booking reminders, or lead qualification."", ""Measure before/after: response speed, captured leads, booked appointments, staff time saved, and handoff quality."", ""Read the practical breakdown: https://www.operive.com/blog/ai-workflow-automation-dallas-company/ #AIWorkflow #DallasBusiness #Automation""]",4,#AIWorkflow #DallasBusiness #Automation
kw_003,3,2026-07-18,AI workflow automation Dallas consultant,ai-workflow-automation-dallas-consultant,https://www.operive.com/blog/ai-workflow-automation-dallas-consultant/,"New Operive guide: AI workflow automation Dallas consultant. Practical steps for Dallas teams to pick the right workflow, measure ROI, and capture leads faster. #AIWorkflow #DallasBusiness #Automation https://www.operive.com/blog/ai-workflow-automation-dallas-consultant/",271,"[""Dallas teams lose leads when intake and follow-up depend on busy staff. New guide: AI workflow automation Dallas consultant."", ""Start with one high-friction workflow: missed calls, quote requests, booking reminders, or lead qualification."", ""Measure before/after: response speed, captured leads, booked appointments, staff time saved, and handoff quality."", ""Read the practical breakdown: https://www.operive.com/blog/ai-workflow-automation-dallas-consultant/ #AIWorkflow #DallasBusiness #Automation""]",4,#AIWorkflow #DallasBusiness #Automation
kw_004,4,2026-07-19,AI workflow automation Dallas agency,ai-workflow-automation-dallas-agency,https://www.operive.com/blog/ai-workflow-automation-dallas-agency/,"New Operive guide: AI workflow automation Dallas agency. Practical steps for Dallas teams to pick the right workflow, measure ROI, and capture leads faster. #AIWorkflow #DallasBusiness #Automation https://www.operive.com/blog/ai-workflow-automation-dallas-agency/",263,"[""Dallas teams lose leads when intake and follow-up depend on busy staff. New guide: AI workflow automation Dallas agency."", ""Start with one high-friction workflow: missed calls, quote requests, booking reminders, or lead qualification."", ""Measure before/after: response speed, captured leads, booked appointments, staff time saved, and handoff quality."", ""Read the practical breakdown: https://www.operive.com/blog/ai-workflow-automation-dallas-agency/ #AIWorkflow #DallasBusiness #Automation""]",4,#AIWorkflow #DallasBusiness #Automation
kw_005,5,2026-07-20,AI workflow automation Dallas implementation,ai-workflow-automation-dallas-implementation,https://www.operive.com/blog/ai-workflow-automation-dallas-implementation/,"New Operive guide: AI workflow automation Dallas implementation. Practical steps for Dallas teams to pick the right workflow, measure ROI, and capture leads faster. #AIWorkflow #DallasBusiness #Automation https://www.operive.com/blog/ai-workflow-automation-dallas-implementation/",279,"[""Dallas teams lose leads when intake and follow-up depend on busy staff. New guide: AI workflow automation Dallas implementation."", ""Start with one high-friction workflow: missed calls, quote requests, booking reminders, or lead qualification."", ""Measure before/after: response speed, captured leads, booked appointments, staff time saved, and handoff quality."", ""Read the practical breakdown: https://www.operive.com/blog/ai-workflow-automation-dallas-implementation/ #AIWorkflow #DallasBusiness #Automation""]",4,#AIWorkflow #DallasBusiness #Automation
kw_006,6,2026-07-21,AI workflow automation Dallas pricing,ai-workflow-automation-dallas-pricing,https://www.operive.com/blog/ai-workflow-automation-dallas-pricing/,"New Operive guide: AI workflow automation Dallas pricing. Practical steps for Dallas teams to pick the right workflow, measure ROI, and capture leads faster. #AIWorkflow #DallasBusiness #Automation https://www.operive.com/blog/ai-workflow-automation-dallas-pricing/",265,"[""Dallas teams lose leads when intake and follow-up depend on busy staff. New guide: AI workflow automation Dallas pricing."", ""Start with one high-friction workflow: missed calls, quote requests, booking reminders, or lead qualification."", ""Measure before/after: response speed, captured leads, booked appointments, staff time saved, and handoff quality."", ""Read the practical breakdown: https://www.operive.com/blog/ai-workflow-automation-dallas-pricing/ #AIWorkflow #DallasBusiness #Automation""]",4,#AIWorkflow #DallasBusiness #Automation
kw_007,7,2026-07-22,AI workflow automation Dallas near me,ai-workflow-automation-dallas-near-me,https://www.operive.com/blog/ai-workflow-automation-dallas-near-me/,"New Operive guide: AI workflow automation Dallas near me. Practical steps for Dallas teams to pick the right workflow, measure ROI, and capture leads faster. #AIWorkflow #DallasBusiness #Automation https://www.operive.com/blog/ai-workflow-automation-dallas-near-me/",265,"[""Dallas teams lose leads when intake and follow-up depend on busy staff. New guide: AI workflow automation Dallas near me."", ""Start with one high-friction workflow: missed calls, quote requests, booking reminders, or lead qualification."", ""Measure before/after: response speed, captured leads, booked appointments, staff time saved, and handoff quality."", ""Read the practical breakdown: https://www.operive.com/blog/ai-workflow-automation-dallas-near-me/ #AIWorkflow #DallasBusiness #Automation""]",4,#AIWorkflow #DallasBusiness #Automation
kw_008,8,2026-07-23,AI workflow automation Dallas for small business,ai-workflow-automation-dallas-for-small-business,https://www.operive.com/blog/ai-workflow-automation-dallas-for-small-business/,"New Operive guide: AI workflow automation Dallas for small business. Practical steps for Dallas teams to pick the right workflow, measure ROI, and capture leads faster. #AIWorkflow #DallasBusiness #Automation https://www.operive.com/blog/ai-workflow-automation-dallas-for-small-business/",287,"[""Dallas teams lose leads when intake and follow-up depend on busy staff. New guide: AI workflow automation Dallas for small business."", ""Start with one high-friction workflow: missed calls, quote requests, booking reminders, or lead qualification."", ""Measure before/after: response speed, captured leads, booked appointments, staff time saved, and handoff quality."", ""Read the practical breakdown: https://www.operive.com/blog/ai-workflow-automation-dallas-for-small-business/ #AIWorkflow #DallasBusiness #Automation""]",4,#AIWorkflow #DallasBusiness #Automation
kw_009,9,2026-07-24,AI workflow automation Dallas for restaurants,ai-workflow-automation-dallas-for-restaurants,https://www.operive.com/blog/ai-workflow-automation-dallas-for-restaurants/,"New Operive guide: AI workflow automation Dallas for restaurants. Practical steps for Dallas teams to pick the right workflow, measure ROI, and capture leads faster. #AIWorkflow #DallasBusiness #Automation https://www.operive.com/blog/ai-workflow-automation-dallas-for-restaurants/",281,"[""Dallas teams lose leads when intake and follow-up depend on busy staff. New guide: AI workflow automation Dallas for restaurants."", ""Start with one high-friction workflow: missed calls, quote requests, booking reminders, or lead qualification."", ""Measure before/after: response speed, captured leads, booked appointments, staff time saved, and handoff quality."", ""Read the practical breakdown: https://www.operive.com/blog/ai-workflow-automation-dallas-for-restaurants/ #AIWorkflow #DallasBusiness #Automation""]",4,#AIWorkflow #DallasBusiness #Automation
kw_010,10,2026-07-25,AI workflow automation Dallas for home services,ai-workflow-automation-dallas-for-home-services,https://www.operive.com/blog/ai-workflow-automation-dallas-for-home-services/,"New Operive guide: AI workflow automation Dallas for home services. Practical steps for Dallas teams to pick the right workflow, measure ROI, and capture leads faster. #AIWorkflow #DallasBusiness #Automation https://www.operive.com/blog/ai-workflow-automation-dallas-for-home-services/",285,"[""Dallas teams lose leads when intake and follow-up depend on busy staff. New guide: AI workflow automation Dallas for home services."", ""Start with one high-friction workflow: missed calls, quote requests, booking reminders, or lead qualification."", ""Measure before/after: response speed, captured leads, booked appointments, staff time saved, and handoff quality."", ""Read the practical breakdown: https://www.operive.com/blog/ai-workflow-automation-dallas-for-home-services/ #AIWorkflow #DallasBusiness #Automation""]",4,#AIWorkflow #DallasBusiness #Automation
kw_011,11,2026-07-26,AI workflow automation Dallas for med spas,ai-workflow-automation-dallas-for-med-spas,https://www.operive.com/blog/ai-workflow-automation-dallas-for-med-spas/,"New Operive guide: AI workflow automation Dallas for med spas. Practical steps for Dallas teams to pick the right workflow, measure ROI, and capture leads faster. #AIWorkflow #DallasBusiness #Automation https://www.operive.com/blog/ai-workflow-automation-dallas-for-med-spas/",275,"[""Dallas teams lose leads when intake and follow-up depend on busy staff. New guide: AI workflow automation Dallas for med spas."", ""Start with one high-friction workflow: missed calls, quote requests, booking reminders, or lead qualification."", ""Measure before/after: response speed, captured leads, booked appointments, staff time saved, and handoff quality."", ""Read the practical breakdown: https://www.operive.com/blog/ai-workflow-automation-dallas-for-med-spas/ #AIWorkflow #DallasBusiness #Automation""]",4,#AIWorkflow #DallasBusiness #Automation
kw_012,12,2026-07-27,AI workflow automation Dallas for dental offices,ai-workflow-automation-dallas-for-dental-offices,https://www.operive.com/blog/ai-workflow-automation-dallas-for-dental-offices/,"New Operive guide: AI workflow automation Dallas for dental offices. Practical steps for Dallas teams to pick the right workflow, measure ROI, and capture leads faster. #AIWorkflow #DallasBusiness #Automation https://www.operive.com/blog/ai-workflow-automation-dallas-for-dental-offices/",287,"[""Dallas teams lose leads when intake and follow-up depend on busy staff. New guide: AI workflow automation Dallas for dental offices."", ""Start with one high-friction workflow: missed calls, quote requests, booking reminders, or lead qualification."", ""Measure before/after: response speed, captured leads, booked appointments, staff time saved, and handoff quality."", ""Read the practical breakdown: https://www.operive.com/blog/ai-workflow-automation-dallas-for-dental-offices/ #AIWorkflow #DallasBusiness #Automation""]",4,#AIWorkflow #DallasBusiness #Automation
kw_013,13,2026-07-28,AI workflow automation Dallas workflow audit,ai-workflow-automation-dallas-workflow-audit,https://www.operive.com/blog/ai-workflow-automation-dallas-workflow-audit/,"New Operive guide: AI workflow automation Dallas workflow audit. Practical steps for Dallas teams to pick the right workflow, measure ROI, and capture leads faster. #AIWorkflow #DallasBusiness #Automation https://www.operive.com/blog/ai-workflow-automation-dallas-workflow-audit/",279,"[""Dallas teams lose leads when intake and follow-up depend on busy staff. New guide: AI workflow automation Dallas workflow audit."", ""Start with one high-friction workflow: missed calls, quote requests, booking reminders, or lead qualification."", ""Measure before/after: response speed, captured leads, booked appointments, staff time saved, and handoff quality."", ""Read the practical breakdown: https://www.operive.com/blog/ai-workflow-automation-dallas-workflow-audit/ #AIWorkflow #DallasBusiness #Automation""]",4,#AIWorkflow #DallasBusiness #Automation
kw_014,14,2026-07-29,AI workflow automation Dallas lead response,ai-workflow-automation-dallas-lead-response,https://www.operive.com/blog/ai-workflow-automation-dallas-lead-response/,"New Operive guide: AI workflow automation Dallas lead response. Practical steps for Dallas teams to pick the right workflow, measure ROI, and capture leads faster. #AIWorkflow #DallasBusiness #Automation https://www.operive.com/blog/ai-workflow-automation-dallas-lead-response/",277,"[""Dallas teams lose leads when intake and follow-up depend on busy staff. New guide: AI workflow automation Dallas lead response."", ""Start with one high-friction workflow: missed calls, quote requests, booking reminders, or lead qualification."", ""Measure before/after: response speed, captured leads, booked appointments, staff time saved, and handoff quality."", ""Read the practical breakdown: https://www.operive.com/blog/ai-workflow-automation-dallas-lead-response/ #AIWorkflow #DallasBusiness #Automation""]",4,#AIWorkflow #DallasBusiness #Automation
kw_015,15,2026-07-30,AI workflow automation Dallas intake automation,ai-workflow-automation-dallas-intake-automation,https://www.operive.com/blog/ai-workflow-automation-dallas-intake-automation/,"New Operive guide: AI workflow automation Dallas intake automation. Practical steps for Dallas teams to pick the right workflow, measure ROI, and capture leads faster. #AIWorkflow #DallasBusiness #Automation https://www.operive.com/blog/ai-workflow-automation-dallas-intake-automation/",285,"[""Dallas teams lose leads when intake and follow-up depend on busy staff. New guide: AI workflow automation Dallas intake automation."", ""Start with one high-friction workflow: missed calls, quote requests, booking reminders, or lead qualification."", ""Measure before/after: response speed, captured leads, booked appointments, staff time saved, and handoff quality."", ""Read the practical breakdown: https://www.operive.com/blog/ai-workflow-automation-dallas-intake-automation/ #AIWorkflow #DallasBusiness #Automation""]",4,#AIWorkflow #DallasBusiness #Automation
kw_016,16,2026-07-31,DFW business process automation services,dfw-business-process-automation-services,https://www.operive.com/blog/dfw-business-process-automation-services/,"New Operive guide: DFW business process automation services. Practical steps for Dallas teams to pick the right workflow, measure ROI, and capture leads faster. #AIWorkflow #DallasBusiness #Automation https://www.operive.com/blog/dfw-business-process-automation-services/",271,"[""Dallas teams lose leads when intake and follow-up depend on busy staff. New guide: DFW business process automation services."", ""Start with one high-friction workflow: missed calls, quote requests, booking reminders, or lead qualification."", ""Measure before/after: response speed, captured leads, booked appointments, staff time saved, and handoff quality."", ""Read the practical breakdown: https://www.operive.com/blog/dfw-business-process-automation-services/ #AIWorkflow #DallasBusiness #Automation""]",4,#AIWorkflow #DallasBusiness #Automation
kw_017,17,2026-08-01,DFW business process automation company,dfw-business-process-automation-company,https://www.operive.com/blog/dfw-business-process-automation-company/,"New Operive guide: DFW business process automation company. Practical steps for Dallas teams to pick the right workflow, measure ROI, and capture leads faster. #AIWorkflow #DallasBusiness #Automation https://www.operive.com/blog/dfw-business-process-automation-company/",269,"[""Dallas teams lose leads when intake and follow-up depend on busy staff. New guide: DFW business process automation company."", ""Start with one high-friction workflow: missed calls, quote requests, booking reminders, or lead qualification."", ""Measure before/after: response speed, captured leads, booked appointments, staff time saved, and handoff quality."", ""Read the practical breakdown: https://www.operive.com/blog/dfw-business-process-automation-company/ #AIWorkflow #DallasBusiness #Automation""]",4,#AIWorkflow #DallasBusiness #Automation
kw_018,18,2026-08-02,DFW business process automation consultant,dfw-business-process-automation-consultant,https://www.operive.com/blog/dfw-business-process-automation-consultant/,"New Operive guide: DFW business process automation consultant. Practical steps for Dallas teams to pick the right workflow, measure ROI, and capture leads faster. #AIWorkflow #DallasBusiness #Automation https://www.operive.com/blog/dfw-business-process-automation-consultant/",275,"[""Dallas teams lose leads when intake and follow-up depend on busy staff. New guide: DFW business process automation consultant."", ""Start with one high-friction workflow: missed calls, quote requests, booking reminders, or lead qualification."", ""Measure before/after: response speed, captured leads, booked appointments, staff time saved, and handoff quality."", ""Read the practical breakdown: https://www.operive.com/blog/dfw-business-process-automation-consultant/ #AIWorkflow #DallasBusiness #Automation""]",4,#AIWorkflow #DallasBusiness #Automation
kw_019,19,2026-08-03,DFW business process automation agency,dfw-business-process-automation-agency,https://www.operive.com/blog/dfw-business-process-automation-agency/,"New Operive guide: DFW business process automation agency. Practical steps for Dallas teams to pick the right workflow, measure ROI, and capture leads faster. #AIWorkflow #DallasBusiness #Automation https://www.operive.com/blog/dfw-business-process-automation-agency/",267,"[""Dallas teams lose leads when intake and follow-up depend on busy staff. New guide: DFW business process automation agency."", ""Start with one high-friction workflow: missed calls, quote requests, booking reminders, or lead qualification."", ""Measure before/after: response speed, captured leads, booked appointments, staff time saved, and handoff quality."", ""Read the practical breakdown: https://www.operive.com/blog/dfw-business-process-automation-agency/ #AIWorkflow #DallasBusiness #Automation""]",4,#AIWorkflow #DallasBusiness #Automation
kw_020,20,2026-08-04,DFW business process automation implementation,dfw-business-process-automation-implementation,https://www.operive.com/blog/dfw-business-process-automation-implementation/,"New Operive guide: DFW business process automation implementation. Practical steps for Dallas teams to pick the right workflow, measure ROI, and capture leads faster. #AIWorkflow #DallasBusiness #Automation https://www.operive.com/blog/dfw-business-process-automation-implementation/",283,"[""Dallas teams lose leads when intake and follow-up depend on busy staff. New guide: DFW business process automation implementation."", ""Start with one high-friction workflow: missed calls, quote requests, booking reminders, or lead qualification."", ""Measure before/after: response speed, captured leads, booked appointments, staff time saved, and handoff quality."", ""Read the practical breakdown: https://www.operive.com/blog/dfw-business-process-automation-implementation/ #AIWorkflow #DallasBusiness #Automation""]",4,#AIWorkflow #DallasBusiness #Automation
kw_021,21,2026-08-05,DFW business process automation pricing,dfw-business-process-automation-pricing,https://www.operive.com/blog/dfw-business-process-automation-pricing/,"New Operive guide: DFW business process automation pricing. Practical steps for Dallas teams to pick the right workflow, measure ROI, and capture leads faster. #AIWorkflow #DallasBusiness #Automation https://www.operive.com/blog/dfw-business-process-automation-pricing/",269,"[""Dallas teams lose leads when intake and follow-up depend on busy staff. New guide: DFW business process automation pricing."", ""Start with one high-friction workflow: missed calls, quote requests, booking reminders, or lead qualification."", ""Measure before/after: response speed, captured leads, booked appointments, staff time saved, and handoff quality."", ""Read the practical breakdown: https://www.operive.com/blog/dfw-business-process-automation-pricing/ #AIWorkflow #DallasBusiness #Automation""]",4,#AIWorkflow #DallasBusiness #Automation
kw_022,22,2026-08-06,DFW business process automation near me,dfw-business-process-automation-near-me,https://www.operive.com/blog/dfw-business-process-automation-near-me/,"New Operive guide: DFW business process automation near me. Practical steps for Dallas teams to pick the right workflow, measure ROI, and capture leads faster. #AIWorkflow #DallasBusiness #Automation https://www.operive.com/blog/dfw-business-process-automation-near-me/",269,"[""Dallas teams lose leads when intake and follow-up depend on busy staff. New guide: DFW business process automation near me."", ""Start with one high-friction workflow: missed calls, quote requests, booking reminders, or lead qualification."", ""Measure before/after: response speed, captured leads, booked appointments, staff time saved, and handoff quality."", ""Read the practical breakdown: https://www.operive.com/blog/dfw-business-process-automation-near-me/ #AIWorkflow #DallasBusiness #Automation""]",4,#AIWorkflow #DallasBusiness #Automation
kw_023,23,2026-08-07,DFW business process automation for small business,dfw-business-process-automation-for-small-business,https://www.operive.com/blog/dfw-business-process-automation-for-small-business/,"New Operive guide: DFW business process automation for small business. Practical steps for Dallas teams to pick the right workflow, measure ROI, and capture leads faster. #AIWorkflow #DallasBusiness #Automation https://www.operive.com/blog/dfw-business-process-automation-for-small-business/",291,"[""Dallas teams lose leads when intake and follow-up depend on busy staff. New guide: DFW business process automation for small business."", ""Start with one high-friction workflow: missed calls, quote requests, booking reminders, or lead qualification."", ""Measure before/after: response speed, captured leads, booked appointments, staff time saved, and handoff quality."", ""Read the practical breakdown: https://www.operive.com/blog/dfw-business-process-automation-for-small-business/ #AIWorkflow #DallasBusiness #Automation""]",4,#AIWorkflow #DallasBusiness #Automation
kw_024,24,2026-08-08,DFW business process automation for restaurants,dfw-business-process-automation-for-restaurants,https://www.operive.com/blog/dfw-business-process-automation-for-restaurants/,"New Operive guide: DFW business process automation for restaurants. Practical steps for Dallas teams to pick the right workflow, measure ROI, and capture leads faster. #AIWorkflow #DallasBusiness #Automation https://www.operive.com/blog/dfw-business-process-automation-for-restaurants/",285,"[""Dallas teams lose leads when intake and follow-up depend on busy staff. New guide: DFW business process automation for restaurants."", ""Start with one high-friction workflow: missed calls, quote requests, booking reminders, or lead qualification."", ""Measure before/after: response speed, captured leads, booked appointments, staff time saved, and handoff quality."", ""Read the practical breakdown: https://www.operive.com/blog/dfw-business-process-automation-for-restaurants/ #AIWorkflow #DallasBusiness #Automation""]",4,#AIWorkflow #DallasBusiness #Automation
kw_025,25,2026-08-09,DFW business process automation for home services,dfw-business-process-automation-for-home-services,https://www.operive.com/blog/dfw-business-process-automation-for-home-services/,"New Operive guide: DFW business process automation for home services. Practical steps for Dallas teams to pick the right workflow, measure ROI, and capture leads faster. #AIWorkflow #DallasBusiness #Automation https://www.operive.com/blog/dfw-business-process-automation-for-home-services/",289,"[""Dallas teams lose leads when intake and follow-up depend on busy staff. New guide: DFW business process automation for home services."", ""Start with one high-friction workflow: missed calls, quote requests, booking reminders, or lead qualification."", ""Measure before/after: response speed, captured leads, booked appointments, staff time saved, and handoff quality."", ""Read the practical breakdown: https://www.operive.com/blog/dfw-business-process-automation-for-home-services/ #AIWorkflow #DallasBusiness #Automation""]",4,#AIWorkflow #DallasBusiness #Automation
kw_026,26,2026-08-10,DFW business process automation for med spas,dfw-business-process-automation-for-med-spas,https://www.operive.com/blog/dfw-business-process-automation-for-med-spas/,"New Operive guide: DFW business process automation for med spas. Practical steps for Dallas teams to pick the right workflow, measure ROI, and capture leads faster. #AIWorkflow #DallasBusiness #Automation https://www.operive.com/blog/dfw-business-process-automation-for-med-spas/",279,"[""Dallas teams lose leads when intake and follow-up depend on busy staff. New guide: DFW business process automation for med spas."", ""Start with one high-friction workflow: missed calls, quote requests, booking reminders, or lead qualification."", ""Measure before/after: response speed, captured leads, booked appointments, staff time saved, and handoff quality."", ""Read the practical breakdown: https://www.operive.com/blog/dfw-business-process-automation-for-med-spas/ #AIWorkflow #DallasBusiness #Automation""]",4,#AIWorkflow #DallasBusiness #Automation
kw_027,27,2026-08-11,DFW business process automation for dental offices,dfw-business-process-automation-for-dental-offices,https://www.operive.com/blog/dfw-business-process-automation-for-dental-offices/,"New Operive guide: DFW business process automation for dental offices. Practical steps for Dallas teams to pick the right workflow, measure ROI, and capture leads faster. #AIWorkflow #DallasBusiness #Automation https://www.operive.com/blog/dfw-business-process-automation-for-dental-offices/",291,"[""Dallas teams lose leads when intake and follow-up depend on busy staff. New guide: DFW business process automation for dental offices."", ""Start with one high-friction workflow: missed calls, quote requests, booking reminders, or lead qualification."", ""Measure before/after: response speed, captured leads, booked appointments, staff time saved, and handoff quality."", ""Read the practical breakdown: https://www.operive.com/blog/dfw-business-process-automation-for-dental-offices/ #AIWorkflow #DallasBusiness #Automation""]",4,#AIWorkflow #DallasBusiness #Automation
kw_028,28,2026-08-12,DFW business process automation workflow audit,dfw-business-process-automation-workflow-audit,https://www.operive.com/blog/dfw-business-process-automation-workflow-audit/,"New Operive guide: DFW business process automation workflow audit. Practical steps for Dallas teams to pick the right workflow, measure ROI, and capture leads faster. #AIWorkflow #DallasBusiness #Automation https://www.operive.com/blog/dfw-business-process-automation-workflow-audit/",283,"[""Dallas teams lose leads when intake and follow-up depend on busy staff. New guide: DFW business process automation workflow audit."", ""Start with one high-friction workflow: missed calls, quote requests, booking reminders, or lead qualification."", ""Measure before/after: response speed, captured leads, booked appointments, staff time saved, and handoff quality."", ""Read the practical breakdown: https://www.operive.com/blog/dfw-business-process-automation-workflow-audit/ #AIWorkflow #DallasBusiness #Automation""]",4,#AIWorkflow #DallasBusiness #Automation
kw_029,29,2026-08-13,DFW business process automation lead response,dfw-business-process-automation-lead-response,https://www.operive.com/blog/dfw-business-process-automation-lead-response/,"New Operive guide: DFW business process automation lead response. Practical steps for Dallas teams to pick the right workflow, measure ROI, and capture leads faster. #AIWorkflow #DallasBusiness #Automation https://www.operive.com/blog/dfw-business-process-automation-lead-response/",281,"[""Dallas teams lose leads when intake and follow-up depend on busy staff. New guide: DFW business process automation lead response."", ""Start with one high-friction workflow: missed calls, quote requests, booking reminders, or lead qualification."", ""Measure before/after: response speed, captured leads, booked appointments, staff time saved, and handoff quality."", ""Read the practical breakdown: https://www.operive.com/blog/dfw-business-process-automation-lead-response/ #AIWorkflow #DallasBusiness #Automation""]",4,#AIWorkflow #DallasBusiness #Automation
kw_030,30,2026-08-14,DFW business process automation intake automation,dfw-business-process-automation-intake-automation,https://www.operive.com/blog/dfw-business-process-automation-intake-automation/,"New Operive guide: DFW business process automation intake automation. Practical steps for Dallas teams to pick the right workflow, measure ROI, and capture leads faster. #AIWorkflow #DallasBusiness #Automation https://www.operive.com/blog/dfw-business-process-automation-intake-automation/",289,"[""Dallas teams lose leads when intake and follow-up depend on busy staff. New guide: DFW business process automation intake automation."", ""Start with one high-friction workflow: missed calls, quote requests, booking reminders, or lead qualification."", ""Measure before/after: response speed, captured leads, booked appointments, staff time saved, and handoff quality."", ""Read the practical breakdown: https://www.operive.com/blog/dfw-business-process-automation-intake-automation/ #AIWorkflow #DallasBusiness #Automation""]",4,#AIWorkflow #DallasBusiness #Automation
