article_id,publish_date,keyword,slug,published_url,publish_verified_at_utc,article_schema_verified,localized_pages_verified,gsc_submission_status,gsc_submission_timestamp_utc,linkedin_publish_day_post_id,linkedin_day_after_post_id,twitter_publish_day_thread_id,twitter_day_after_thread_id,social_schedule_status,notes
kw_001,2026-07-16,AI workflow automation Dallas services,ai-workflow-automation-dallas-services,https://www.operive.com/blog/ai-workflow-automation-dallas-services/,2026-07-16T20:17:09+00:00,yes,en/es/ar,blocked-google-search-console-scope-or-ui-access-required,,6a593e61cefcf117c7b7369f,,6a593e628095068878573c34;6a593e63cefcf117c7b736c3;6a593e638095068878573c58;6a593e64cefcf117c7b736e7,,partial-buffer-scheduled-plan-limit,"Live URL and Article schema verified; Buffer token found and used, but Buffer API stopped remaining scheduling with scheduled-post limit 10/10; GSC URL Inspection Request Indexing still requires Search Console-scoped auth or browser UI access."
kw_002,2026-07-17,AI workflow automation Dallas company,ai-workflow-automation-dallas-company,https://www.operive.com/blog/ai-workflow-automation-dallas-company/,2026-07-16T20:17:09+00:00,yes,en/es/ar,blocked-google-search-console-scope-or-ui-access-required,,6a593e662b9f6e09f1c41593,,6a593e67cefcf117c7b73712;6a593e68763686fc6b483db3,6a593e6bcefcf117c7b73739,partial-buffer-scheduled-plan-limit,"Live URL and Article schema verified; Buffer token found and used, but Buffer API stopped remaining scheduling with scheduled-post limit 10/10; GSC URL Inspection Request Indexing still requires Search Console-scoped auth or browser UI access."
kw_003,2026-07-18,AI workflow automation Dallas consultant,ai-workflow-automation-dallas-consultant,https://www.operive.com/blog/ai-workflow-automation-dallas-consultant/,2026-07-16T20:17:09+00:00,yes,en/es/ar,blocked-google-search-console-scope-or-ui-access-required,,6a593e6d8095068878573ca6,,,,partial-buffer-scheduled-plan-limit,"Live URL and Article schema verified; Buffer token found and used, but Buffer API stopped remaining scheduling with scheduled-post limit 10/10; GSC URL Inspection Request Indexing still requires Search Console-scoped auth or browser UI access."
kw_004,2026-07-19,AI workflow automation Dallas agency,ai-workflow-automation-dallas-agency,https://www.operive.com/blog/ai-workflow-automation-dallas-agency/,2026-07-16T20:17:09+00:00,yes,en/es/ar,blocked-google-search-console-scope-or-ui-access-required,,6a593e70235d0d35a00bdde4,,,,partial-buffer-scheduled-plan-limit,"Live URL and Article schema verified; Buffer token found and used, but Buffer API stopped remaining scheduling with scheduled-post limit 10/10; GSC URL Inspection Request Indexing still requires Search Console-scoped auth or browser UI access."
kw_005,2026-07-20,AI workflow automation Dallas implementation,ai-workflow-automation-dallas-implementation,https://www.operive.com/blog/ai-workflow-automation-dallas-implementation/,2026-07-16T20:17:09+00:00,yes,en/es/ar,blocked-google-search-console-scope-or-ui-access-required,,6a593e75235d0d35a00bde34,,,,partial-buffer-scheduled-plan-limit,"Live URL and Article schema verified; Buffer token found and used, but Buffer API stopped remaining scheduling with scheduled-post limit 10/10; GSC URL Inspection Request Indexing still requires Search Console-scoped auth or browser UI access."
kw_006,2026-07-21,AI workflow automation Dallas pricing,ai-workflow-automation-dallas-pricing,https://www.operive.com/blog/ai-workflow-automation-dallas-pricing/,2026-07-16T20:17:09+00:00,yes,en/es/ar,blocked-google-search-console-scope-or-ui-access-required,,6a593e79235d0d35a00bde7f,,,,partial-buffer-scheduled-plan-limit,"Live URL and Article schema verified; Buffer token found and used, but Buffer API stopped remaining scheduling with scheduled-post limit 10/10; GSC URL Inspection Request Indexing still requires Search Console-scoped auth or browser UI access."
kw_007,2026-07-22,AI workflow automation Dallas near me,ai-workflow-automation-dallas-near-me,https://www.operive.com/blog/ai-workflow-automation-dallas-near-me/,2026-07-16T20:49:38+00:00,yes,en/es/ar,blocked-google-search-console-insufficient-oauth-scope-and-no-browser-ui,,6a593e7d8095068878573d6d,,,,partial-buffer-scheduled-plan-limit,"Live URL, canonical URL, and Article schema re-verified for assigned articles 7-12; Buffer retry blocked by API 429 and prior scheduled-post limit 10/10; GSC Request Indexing blocked because ADC token lacks Search Console scopes and browser UI is unavailable."
kw_008,2026-07-23,AI workflow automation Dallas for small business,ai-workflow-automation-dallas-for-small-business,https://www.operive.com/blog/ai-workflow-automation-dallas-for-small-business/,2026-07-16T20:49:38+00:00,yes,en/es/ar,blocked-google-search-console-insufficient-oauth-scope-and-no-browser-ui,,,,,,blocked-buffer-plan-scheduled-post-limit-10-of-10,"Live URL, canonical URL, and Article schema re-verified for assigned articles 7-12; Buffer retry blocked by API 429 and prior scheduled-post limit 10/10; GSC Request Indexing blocked because ADC token lacks Search Console scopes and browser UI is unavailable."
kw_009,2026-07-24,AI workflow automation Dallas for restaurants,ai-workflow-automation-dallas-for-restaurants,https://www.operive.com/blog/ai-workflow-automation-dallas-for-restaurants/,2026-07-16T20:49:38+00:00,yes,en/es/ar,blocked-google-search-console-insufficient-oauth-scope-and-no-browser-ui,,,,,,blocked-buffer-plan-scheduled-post-limit-10-of-10,"Live URL, canonical URL, and Article schema re-verified for assigned articles 7-12; Buffer retry blocked by API 429 and prior scheduled-post limit 10/10; GSC Request Indexing blocked because ADC token lacks Search Console scopes and browser UI is unavailable."
kw_010,2026-07-25,AI workflow automation Dallas for home services,ai-workflow-automation-dallas-for-home-services,https://www.operive.com/blog/ai-workflow-automation-dallas-for-home-services/,2026-07-16T20:49:38+00:00,yes,en/es/ar,blocked-google-search-console-insufficient-oauth-scope-and-no-browser-ui,,,,,,blocked-buffer-plan-scheduled-post-limit-10-of-10,"Live URL, canonical URL, and Article schema re-verified for assigned articles 7-12; Buffer retry blocked by API 429 and prior scheduled-post limit 10/10; GSC Request Indexing blocked because ADC token lacks Search Console scopes and browser UI is unavailable."
kw_011,2026-07-26,AI workflow automation Dallas for med spas,ai-workflow-automation-dallas-for-med-spas,https://www.operive.com/blog/ai-workflow-automation-dallas-for-med-spas/,2026-07-16T20:49:38+00:00,yes,en/es/ar,blocked-google-search-console-insufficient-oauth-scope-and-no-browser-ui,,,,,,blocked-buffer-plan-scheduled-post-limit-10-of-10,"Live URL, canonical URL, and Article schema re-verified for assigned articles 7-12; Buffer retry blocked by API 429 and prior scheduled-post limit 10/10; GSC Request Indexing blocked because ADC token lacks Search Console scopes and browser UI is unavailable."
kw_012,2026-07-27,AI workflow automation Dallas for dental offices,ai-workflow-automation-dallas-for-dental-offices,https://www.operive.com/blog/ai-workflow-automation-dallas-for-dental-offices/,2026-07-16T20:49:38+00:00,yes,en/es/ar,blocked-google-search-console-insufficient-oauth-scope-and-no-browser-ui,,,,,,blocked-buffer-plan-scheduled-post-limit-10-of-10,"Live URL, canonical URL, and Article schema re-verified for assigned articles 7-12; Buffer retry blocked by API 429 and prior scheduled-post limit 10/10; GSC Request Indexing blocked because ADC token lacks Search Console scopes and browser UI is unavailable."
kw_013,2026-07-28,AI workflow automation Dallas workflow audit,ai-workflow-automation-dallas-workflow-audit,https://www.operive.com/blog/ai-workflow-automation-dallas-workflow-audit/,2026-07-16T20:50:10+00:00,yes,en/es/ar,blocked-google-search-console-insufficient-auth-scopes-and-browser-unavailable,,,,,,blocked-buffer-plan-limit-or-rate-limit-no-new-ids,"Live URL, canonical, and Article schema re-verified for articles 13-18; social copy exists but Buffer scheduling is blocked by plan scheduled-post limit/rate limit; GSC Request Indexing is blocked because Search Console API auth lacks webmasters scope and browser UI is unavailable."
kw_014,2026-07-29,AI workflow automation Dallas lead response,ai-workflow-automation-dallas-lead-response,https://www.operive.com/blog/ai-workflow-automation-dallas-lead-response/,2026-07-16T20:50:10+00:00,yes,en/es/ar,blocked-google-search-console-insufficient-auth-scopes-and-browser-unavailable,,,,,,blocked-buffer-plan-limit-or-rate-limit-no-new-ids,"Live URL, canonical, and Article schema re-verified for articles 13-18; social copy exists but Buffer scheduling is blocked by plan scheduled-post limit/rate limit; GSC Request Indexing is blocked because Search Console API auth lacks webmasters scope and browser UI is unavailable."
kw_015,2026-07-30,AI workflow automation Dallas intake automation,ai-workflow-automation-dallas-intake-automation,https://www.operive.com/blog/ai-workflow-automation-dallas-intake-automation/,2026-07-16T20:50:10+00:00,yes,en/es/ar,blocked-google-search-console-insufficient-auth-scopes-and-browser-unavailable,,,,,,blocked-buffer-plan-limit-or-rate-limit-no-new-ids,"Live URL, canonical, and Article schema re-verified for articles 13-18; social copy exists but Buffer scheduling is blocked by plan scheduled-post limit/rate limit; GSC Request Indexing is blocked because Search Console API auth lacks webmasters scope and browser UI is unavailable."
kw_016,2026-07-31,DFW business process automation services,dfw-business-process-automation-services,https://www.operive.com/blog/dfw-business-process-automation-services/,2026-07-16T20:50:10+00:00,yes,en/es/ar,blocked-google-search-console-insufficient-auth-scopes-and-browser-unavailable,,,,,,blocked-buffer-plan-limit-or-rate-limit-no-new-ids,"Live URL, canonical, and Article schema re-verified for articles 13-18; social copy exists but Buffer scheduling is blocked by plan scheduled-post limit/rate limit; GSC Request Indexing is blocked because Search Console API auth lacks webmasters scope and browser UI is unavailable."
kw_017,2026-08-01,DFW business process automation company,dfw-business-process-automation-company,https://www.operive.com/blog/dfw-business-process-automation-company/,2026-07-16T20:50:10+00:00,yes,en/es/ar,blocked-google-search-console-insufficient-auth-scopes-and-browser-unavailable,,,,,,blocked-buffer-plan-limit-or-rate-limit-no-new-ids,"Live URL, canonical, and Article schema re-verified for articles 13-18; social copy exists but Buffer scheduling is blocked by plan scheduled-post limit/rate limit; GSC Request Indexing is blocked because Search Console API auth lacks webmasters scope and browser UI is unavailable."
kw_018,2026-08-02,DFW business process automation consultant,dfw-business-process-automation-consultant,https://www.operive.com/blog/dfw-business-process-automation-consultant/,2026-07-16T20:50:10+00:00,yes,en/es/ar,blocked-google-search-console-insufficient-auth-scopes-and-browser-unavailable,,,,,,blocked-buffer-plan-limit-or-rate-limit-no-new-ids,"Live URL, canonical, and Article schema re-verified for articles 13-18; social copy exists but Buffer scheduling is blocked by plan scheduled-post limit/rate limit; GSC Request Indexing is blocked because Search Console API auth lacks webmasters scope and browser UI is unavailable."
kw_019,2026-08-03,DFW business process automation agency,dfw-business-process-automation-agency,https://www.operive.com/blog/dfw-business-process-automation-agency/,2026-07-16T20:50:37+00:00,yes-local-jsonld-validator-2026-07-16,en/es/ar-live-200,blocked-no-search-console-ui-or-api-access,,,,,,blocked-no-buffer-token-in-worker-env-and-prior-buffer-plan-limit-10-of-10,"Live URL, canonical, localized pages, and Article JSON-LD verified from public responses. LinkedIn/X assets exist in article_social_schedule.csv, but scheduling could not be completed in this worker: Buffer token is not present in environment and prior tracker state showed Buffer scheduled-post plan limit 10/10. GSC Request Indexing could not be submitted because browser/Search Console UI is unavailable and no URL Inspection indexing credential is present."
kw_020,2026-08-04,DFW business process automation implementation,dfw-business-process-automation-implementation,https://www.operive.com/blog/dfw-business-process-automation-implementation/,2026-07-16T20:50:37+00:00,yes-local-jsonld-validator-2026-07-16,en/es/ar-live-200,blocked-no-search-console-ui-or-api-access,,,,,,blocked-no-buffer-token-in-worker-env-and-prior-buffer-plan-limit-10-of-10,"Live URL, canonical, localized pages, and Article JSON-LD verified from public responses. LinkedIn/X assets exist in article_social_schedule.csv, but scheduling could not be completed in this worker: Buffer token is not present in environment and prior tracker state showed Buffer scheduled-post plan limit 10/10. GSC Request Indexing could not be submitted because browser/Search Console UI is unavailable and no URL Inspection indexing credential is present."
kw_021,2026-08-05,DFW business process automation pricing,dfw-business-process-automation-pricing,https://www.operive.com/blog/dfw-business-process-automation-pricing/,2026-07-16T20:50:37+00:00,yes-local-jsonld-validator-2026-07-16,en/es/ar-live-200,blocked-no-search-console-ui-or-api-access,,,,,,blocked-no-buffer-token-in-worker-env-and-prior-buffer-plan-limit-10-of-10,"Live URL, canonical, localized pages, and Article JSON-LD verified from public responses. LinkedIn/X assets exist in article_social_schedule.csv, but scheduling could not be completed in this worker: Buffer token is not present in environment and prior tracker state showed Buffer scheduled-post plan limit 10/10. GSC Request Indexing could not be submitted because browser/Search Console UI is unavailable and no URL Inspection indexing credential is present."
kw_022,2026-08-06,DFW business process automation near me,dfw-business-process-automation-near-me,https://www.operive.com/blog/dfw-business-process-automation-near-me/,2026-07-16T20:50:37+00:00,yes-local-jsonld-validator-2026-07-16,en/es/ar-live-200,blocked-no-search-console-ui-or-api-access,,,,,,blocked-no-buffer-token-in-worker-env-and-prior-buffer-plan-limit-10-of-10,"Live URL, canonical, localized pages, and Article JSON-LD verified from public responses. LinkedIn/X assets exist in article_social_schedule.csv, but scheduling could not be completed in this worker: Buffer token is not present in environment and prior tracker state showed Buffer scheduled-post plan limit 10/10. GSC Request Indexing could not be submitted because browser/Search Console UI is unavailable and no URL Inspection indexing credential is present."
kw_023,2026-08-07,DFW business process automation for small business,dfw-business-process-automation-for-small-business,https://www.operive.com/blog/dfw-business-process-automation-for-small-business/,2026-07-16T20:50:37+00:00,yes-local-jsonld-validator-2026-07-16,en/es/ar-live-200,blocked-no-search-console-ui-or-api-access,,,,,,blocked-no-buffer-token-in-worker-env-and-prior-buffer-plan-limit-10-of-10,"Live URL, canonical, localized pages, and Article JSON-LD verified from public responses. LinkedIn/X assets exist in article_social_schedule.csv, but scheduling could not be completed in this worker: Buffer token is not present in environment and prior tracker state showed Buffer scheduled-post plan limit 10/10. GSC Request Indexing could not be submitted because browser/Search Console UI is unavailable and no URL Inspection indexing credential is present."
kw_024,2026-08-08,DFW business process automation for restaurants,dfw-business-process-automation-for-restaurants,https://www.operive.com/blog/dfw-business-process-automation-for-restaurants/,2026-07-16T20:50:37+00:00,yes-local-jsonld-validator-2026-07-16,en/es/ar-live-200,blocked-no-search-console-ui-or-api-access,,,,,,blocked-no-buffer-token-in-worker-env-and-prior-buffer-plan-limit-10-of-10,"Live URL, canonical, localized pages, and Article JSON-LD verified from public responses. LinkedIn/X assets exist in article_social_schedule.csv, but scheduling could not be completed in this worker: Buffer token is not present in environment and prior tracker state showed Buffer scheduled-post plan limit 10/10. GSC Request Indexing could not be submitted because browser/Search Console UI is unavailable and no URL Inspection indexing credential is present."
kw_025,2026-08-09,DFW business process automation for home services,dfw-business-process-automation-for-home-services,https://www.operive.com/blog/dfw-business-process-automation-for-home-services/,2026-07-16T20:49:35+00:00,yes,en/es/ar,blocked-google-search-console-scope-or-ui-access-required,,6a5958408095068878583865,not-applicable-one-article-per-day-cadence,6a595841cefcf117c7b82a78;6a595842763686fc6b4929aa;6a595843235d0d35a00cf400;6a595843763686fc6b4929ce,not-applicable-one-article-per-day-cadence,scheduled-buffer-confirmed-one-article-per-day,Live public URL returned HTTP 200; Article JSON-LD/canonical validated; localized en/es/ar pages and blog indexes verified. Social cadence updated per dashboard instruction to one article per day; publish-day LinkedIn and X assets attempted via Buffer. GSC Request Indexing remains blocked by missing Search Console scope/browser UI access.
kw_026,2026-08-10,DFW business process automation for med spas,dfw-business-process-automation-for-med-spas,https://www.operive.com/blog/dfw-business-process-automation-for-med-spas/,2026-07-16T20:49:35+00:00,yes,en/es/ar,blocked-google-search-console-scope-or-ui-access-required,,,not-applicable-one-article-per-day-cadence,,not-applicable-one-article-per-day-cadence,blocked-buffer-scheduling-see-task-results,Live public URL returned HTTP 200; Article JSON-LD/canonical validated; localized en/es/ar pages and blog indexes verified. Social cadence updated per dashboard instruction to one article per day; publish-day LinkedIn and X assets attempted via Buffer. GSC Request Indexing remains blocked by missing Search Console scope/browser UI access.
kw_027,2026-08-11,DFW business process automation for dental offices,dfw-business-process-automation-for-dental-offices,https://www.operive.com/blog/dfw-business-process-automation-for-dental-offices/,2026-07-16T20:49:35+00:00,yes,en/es/ar,blocked-google-search-console-scope-or-ui-access-required,,,not-applicable-one-article-per-day-cadence,,not-applicable-one-article-per-day-cadence,blocked-buffer-scheduling-see-task-results,Live public URL returned HTTP 200; Article JSON-LD/canonical validated; localized en/es/ar pages and blog indexes verified. Social cadence updated per dashboard instruction to one article per day; publish-day LinkedIn and X assets attempted via Buffer. GSC Request Indexing remains blocked by missing Search Console scope/browser UI access.
kw_028,2026-08-12,DFW business process automation workflow audit,dfw-business-process-automation-workflow-audit,https://www.operive.com/blog/dfw-business-process-automation-workflow-audit/,2026-07-16T20:49:35+00:00,yes,en/es/ar,blocked-google-search-console-scope-or-ui-access-required,,,not-applicable-one-article-per-day-cadence,,not-applicable-one-article-per-day-cadence,blocked-buffer-scheduling-see-task-results,Live public URL returned HTTP 200; Article JSON-LD/canonical validated; localized en/es/ar pages and blog indexes verified. Social cadence updated per dashboard instruction to one article per day; publish-day LinkedIn and X assets attempted via Buffer. GSC Request Indexing remains blocked by missing Search Console scope/browser UI access.
kw_029,2026-08-13,DFW business process automation lead response,dfw-business-process-automation-lead-response,https://www.operive.com/blog/dfw-business-process-automation-lead-response/,2026-07-16T20:49:35+00:00,yes,en/es/ar,blocked-google-search-console-scope-or-ui-access-required,,,not-applicable-one-article-per-day-cadence,,not-applicable-one-article-per-day-cadence,blocked-buffer-scheduling-see-task-results,Live public URL returned HTTP 200; Article JSON-LD/canonical validated; localized en/es/ar pages and blog indexes verified. Social cadence updated per dashboard instruction to one article per day; publish-day LinkedIn and X assets attempted via Buffer. GSC Request Indexing remains blocked by missing Search Console scope/browser UI access.
kw_030,2026-08-14,DFW business process automation intake automation,dfw-business-process-automation-intake-automation,https://www.operive.com/blog/dfw-business-process-automation-intake-automation/,2026-07-16T20:49:35+00:00,yes,en/es/ar,blocked-google-search-console-scope-or-ui-access-required,,,not-applicable-one-article-per-day-cadence,,not-applicable-one-article-per-day-cadence,blocked-buffer-scheduling-see-task-results,Live public URL returned HTTP 200; Article JSON-LD/canonical validated; localized en/es/ar pages and blog indexes verified. Social cadence updated per dashboard instruction to one article per day; publish-day LinkedIn and X assets attempted via Buffer. GSC Request Indexing remains blocked by missing Search Console scope/browser UI access.
