article_id,keyword,url,platform,schedule_label,scheduled_for_utc,copy_or_thread_json,status,social_post_id
kw_001,AI workflow automation Dallas services,https://www.operive.com/blog/ai-workflow-automation-dallas-services/,linkedin,publish_day,2026-07-16T15:00:00Z,"New Operive guide: AI workflow automation Dallas services. Practical steps for Dallas teams to pick the right workflow, measure ROI, and capture leads faster. #AIWorkflow #DallasBusiness #Automation https://www.operive.com/blog/ai-workflow-automation-dallas-services/",scheduled-buffer-confirmed-time-adjusted,6a593e61cefcf117c7b7369f
kw_001,AI workflow automation Dallas services,https://www.operive.com/blog/ai-workflow-automation-dallas-services/,x_twitter,publish_day,2026-07-16T17:00:00Z,"[""Dallas teams lose leads when intake and follow-up depend on busy staff. New guide: AI workflow automation Dallas services."", ""Start with one high-friction workflow: missed calls, quote requests, booking reminders, or lead qualification."", ""Measure before/after: response speed, captured leads, booked appointments, staff time saved, and handoff quality."", ""Read the practical breakdown: https://www.operive.com/blog/ai-workflow-automation-dallas-services/ #AIWorkflow #DallasBusiness #Automation""]",scheduled-buffer-confirmed-time-adjusted,6a593e628095068878573c34;6a593e63cefcf117c7b736c3;6a593e638095068878573c58;6a593e64cefcf117c7b736e7
kw_001,AI workflow automation Dallas services,https://www.operive.com/blog/ai-workflow-automation-dallas-services/,linkedin,day_after,2026-07-17T15:00:00Z,"New Operive guide: AI workflow automation Dallas services. Practical steps for Dallas teams to pick the right workflow, measure ROI, and capture leads faster. #AIWorkflow #DallasBusiness #Automation https://www.operive.com/blog/ai-workflow-automation-dallas-services/",blocked-buffer-plan-scheduled-post-limit-10-of-10,
kw_001,AI workflow automation Dallas services,https://www.operive.com/blog/ai-workflow-automation-dallas-services/,x_twitter,day_after,2026-07-17T17:00:00Z,"[""Dallas teams lose leads when intake and follow-up depend on busy staff. New guide: AI workflow automation Dallas services."", ""Start with one high-friction workflow: missed calls, quote requests, booking reminders, or lead qualification."", ""Measure before/after: response speed, captured leads, booked appointments, staff time saved, and handoff quality."", ""Read the practical breakdown: https://www.operive.com/blog/ai-workflow-automation-dallas-services/ #AIWorkflow #DallasBusiness #Automation""]",blocked-buffer-plan-scheduled-post-limit-10-of-10,
kw_002,AI workflow automation Dallas company,https://www.operive.com/blog/ai-workflow-automation-dallas-company/,linkedin,publish_day,2026-07-17T15:00:00Z,"New Operive guide: AI workflow automation Dallas company. Practical steps for Dallas teams to pick the right workflow, measure ROI, and capture leads faster. #AIWorkflow #DallasBusiness #Automation https://www.operive.com/blog/ai-workflow-automation-dallas-company/",scheduled-buffer-confirmed,6a593e662b9f6e09f1c41593
kw_002,AI workflow automation Dallas company,https://www.operive.com/blog/ai-workflow-automation-dallas-company/,x_twitter,publish_day,2026-07-17T17:00:00Z,"[""Dallas teams lose leads when intake and follow-up depend on busy staff. New guide: AI workflow automation Dallas company."", ""Start with one high-friction workflow: missed calls, quote requests, booking reminders, or lead qualification."", ""Measure before/after: response speed, captured leads, booked appointments, staff time saved, and handoff quality."", ""Read the practical breakdown: https://www.operive.com/blog/ai-workflow-automation-dallas-company/ #AIWorkflow #DallasBusiness #Automation""]",partial-buffer-scheduled-buffer-plan-limit,6a593e67cefcf117c7b73712;6a593e68763686fc6b483db3
kw_002,AI workflow automation Dallas company,https://www.operive.com/blog/ai-workflow-automation-dallas-company/,linkedin,day_after,2026-07-18T15:00:00Z,"New Operive guide: AI workflow automation Dallas company. Practical steps for Dallas teams to pick the right workflow, measure ROI, and capture leads faster. #AIWorkflow #DallasBusiness #Automation https://www.operive.com/blog/ai-workflow-automation-dallas-company/",blocked-buffer-plan-scheduled-post-limit-10-of-10,
kw_002,AI workflow automation Dallas company,https://www.operive.com/blog/ai-workflow-automation-dallas-company/,x_twitter,day_after,2026-07-18T17:00:00Z,"[""Dallas teams lose leads when intake and follow-up depend on busy staff. New guide: AI workflow automation Dallas company."", ""Start with one high-friction workflow: missed calls, quote requests, booking reminders, or lead qualification."", ""Measure before/after: response speed, captured leads, booked appointments, staff time saved, and handoff quality."", ""Read the practical breakdown: https://www.operive.com/blog/ai-workflow-automation-dallas-company/ #AIWorkflow #DallasBusiness #Automation""]",partial-buffer-scheduled-buffer-plan-limit,6a593e6bcefcf117c7b73739
kw_003,AI workflow automation Dallas consultant,https://www.operive.com/blog/ai-workflow-automation-dallas-consultant/,linkedin,publish_day,2026-07-18T15:00:00Z,"New Operive guide: AI workflow automation Dallas consultant. Practical steps for Dallas teams to pick the right workflow, measure ROI, and capture leads faster. #AIWorkflow #DallasBusiness #Automation https://www.operive.com/blog/ai-workflow-automation-dallas-consultant/",scheduled-buffer-confirmed,6a593e6d8095068878573ca6
kw_003,AI workflow automation Dallas consultant,https://www.operive.com/blog/ai-workflow-automation-dallas-consultant/,x_twitter,publish_day,2026-07-18T17:00:00Z,"[""Dallas teams lose leads when intake and follow-up depend on busy staff. New guide: AI workflow automation Dallas consultant."", ""Start with one high-friction workflow: missed calls, quote requests, booking reminders, or lead qualification."", ""Measure before/after: response speed, captured leads, booked appointments, staff time saved, and handoff quality."", ""Read the practical breakdown: https://www.operive.com/blog/ai-workflow-automation-dallas-consultant/ #AIWorkflow #DallasBusiness #Automation""]",blocked-buffer-plan-scheduled-post-limit-10-of-10,
kw_003,AI workflow automation Dallas consultant,https://www.operive.com/blog/ai-workflow-automation-dallas-consultant/,linkedin,day_after,2026-07-19T15:00:00Z,"New Operive guide: AI workflow automation Dallas consultant. Practical steps for Dallas teams to pick the right workflow, measure ROI, and capture leads faster. #AIWorkflow #DallasBusiness #Automation https://www.operive.com/blog/ai-workflow-automation-dallas-consultant/",blocked-buffer-plan-scheduled-post-limit-10-of-10,
kw_003,AI workflow automation Dallas consultant,https://www.operive.com/blog/ai-workflow-automation-dallas-consultant/,x_twitter,day_after,2026-07-19T17:00:00Z,"[""Dallas teams lose leads when intake and follow-up depend on busy staff. New guide: AI workflow automation Dallas consultant."", ""Start with one high-friction workflow: missed calls, quote requests, booking reminders, or lead qualification."", ""Measure before/after: response speed, captured leads, booked appointments, staff time saved, and handoff quality."", ""Read the practical breakdown: https://www.operive.com/blog/ai-workflow-automation-dallas-consultant/ #AIWorkflow #DallasBusiness #Automation""]",blocked-buffer-plan-scheduled-post-limit-10-of-10,
kw_004,AI workflow automation Dallas agency,https://www.operive.com/blog/ai-workflow-automation-dallas-agency/,linkedin,publish_day,2026-07-19T15:00:00Z,"New Operive guide: AI workflow automation Dallas agency. Practical steps for Dallas teams to pick the right workflow, measure ROI, and capture leads faster. #AIWorkflow #DallasBusiness #Automation https://www.operive.com/blog/ai-workflow-automation-dallas-agency/",scheduled-buffer-confirmed,6a593e70235d0d35a00bdde4
kw_004,AI workflow automation Dallas agency,https://www.operive.com/blog/ai-workflow-automation-dallas-agency/,x_twitter,publish_day,2026-07-19T17:00:00Z,"[""Dallas teams lose leads when intake and follow-up depend on busy staff. New guide: AI workflow automation Dallas agency."", ""Start with one high-friction workflow: missed calls, quote requests, booking reminders, or lead qualification."", ""Measure before/after: response speed, captured leads, booked appointments, staff time saved, and handoff quality."", ""Read the practical breakdown: https://www.operive.com/blog/ai-workflow-automation-dallas-agency/ #AIWorkflow #DallasBusiness #Automation""]",blocked-buffer-plan-scheduled-post-limit-10-of-10,
kw_004,AI workflow automation Dallas agency,https://www.operive.com/blog/ai-workflow-automation-dallas-agency/,linkedin,day_after,2026-07-20T15:00:00Z,"New Operive guide: AI workflow automation Dallas agency. Practical steps for Dallas teams to pick the right workflow, measure ROI, and capture leads faster. #AIWorkflow #DallasBusiness #Automation https://www.operive.com/blog/ai-workflow-automation-dallas-agency/",blocked-buffer-plan-scheduled-post-limit-10-of-10,
kw_004,AI workflow automation Dallas agency,https://www.operive.com/blog/ai-workflow-automation-dallas-agency/,x_twitter,day_after,2026-07-20T17:00:00Z,"[""Dallas teams lose leads when intake and follow-up depend on busy staff. New guide: AI workflow automation Dallas agency."", ""Start with one high-friction workflow: missed calls, quote requests, booking reminders, or lead qualification."", ""Measure before/after: response speed, captured leads, booked appointments, staff time saved, and handoff quality."", ""Read the practical breakdown: https://www.operive.com/blog/ai-workflow-automation-dallas-agency/ #AIWorkflow #DallasBusiness #Automation""]",blocked-buffer-plan-scheduled-post-limit-10-of-10,
kw_005,AI workflow automation Dallas implementation,https://www.operive.com/blog/ai-workflow-automation-dallas-implementation/,linkedin,publish_day,2026-07-20T15:00:00Z,"New Operive guide: AI workflow automation Dallas implementation. Practical steps for Dallas teams to pick the right workflow, measure ROI, and capture leads faster. #AIWorkflow #DallasBusiness #Automation https://www.operive.com/blog/ai-workflow-automation-dallas-implementation/",scheduled-buffer-confirmed,6a593e75235d0d35a00bde34
kw_005,AI workflow automation Dallas implementation,https://www.operive.com/blog/ai-workflow-automation-dallas-implementation/,x_twitter,publish_day,2026-07-20T17:00:00Z,"[""Dallas teams lose leads when intake and follow-up depend on busy staff. New guide: AI workflow automation Dallas implementation."", ""Start with one high-friction workflow: missed calls, quote requests, booking reminders, or lead qualification."", ""Measure before/after: response speed, captured leads, booked appointments, staff time saved, and handoff quality."", ""Read the practical breakdown: https://www.operive.com/blog/ai-workflow-automation-dallas-implementation/ #AIWorkflow #DallasBusiness #Automation""]",blocked-buffer-plan-scheduled-post-limit-10-of-10,
kw_005,AI workflow automation Dallas implementation,https://www.operive.com/blog/ai-workflow-automation-dallas-implementation/,linkedin,day_after,2026-07-21T15:00:00Z,"New Operive guide: AI workflow automation Dallas implementation. Practical steps for Dallas teams to pick the right workflow, measure ROI, and capture leads faster. #AIWorkflow #DallasBusiness #Automation https://www.operive.com/blog/ai-workflow-automation-dallas-implementation/",blocked-buffer-plan-scheduled-post-limit-10-of-10,
kw_005,AI workflow automation Dallas implementation,https://www.operive.com/blog/ai-workflow-automation-dallas-implementation/,x_twitter,day_after,2026-07-21T17:00:00Z,"[""Dallas teams lose leads when intake and follow-up depend on busy staff. New guide: AI workflow automation Dallas implementation."", ""Start with one high-friction workflow: missed calls, quote requests, booking reminders, or lead qualification."", ""Measure before/after: response speed, captured leads, booked appointments, staff time saved, and handoff quality."", ""Read the practical breakdown: https://www.operive.com/blog/ai-workflow-automation-dallas-implementation/ #AIWorkflow #DallasBusiness #Automation""]",blocked-buffer-plan-scheduled-post-limit-10-of-10,
kw_006,AI workflow automation Dallas pricing,https://www.operive.com/blog/ai-workflow-automation-dallas-pricing/,linkedin,publish_day,2026-07-21T15:00:00Z,"New Operive guide: AI workflow automation Dallas pricing. Practical steps for Dallas teams to pick the right workflow, measure ROI, and capture leads faster. #AIWorkflow #DallasBusiness #Automation https://www.operive.com/blog/ai-workflow-automation-dallas-pricing/",scheduled-buffer-confirmed,6a593e79235d0d35a00bde7f
kw_006,AI workflow automation Dallas pricing,https://www.operive.com/blog/ai-workflow-automation-dallas-pricing/,x_twitter,publish_day,2026-07-21T17:00:00Z,"[""Dallas teams lose leads when intake and follow-up depend on busy staff. New guide: AI workflow automation Dallas pricing."", ""Start with one high-friction workflow: missed calls, quote requests, booking reminders, or lead qualification."", ""Measure before/after: response speed, captured leads, booked appointments, staff time saved, and handoff quality."", ""Read the practical breakdown: https://www.operive.com/blog/ai-workflow-automation-dallas-pricing/ #AIWorkflow #DallasBusiness #Automation""]",blocked-buffer-plan-scheduled-post-limit-10-of-10,
kw_006,AI workflow automation Dallas pricing,https://www.operive.com/blog/ai-workflow-automation-dallas-pricing/,linkedin,day_after,2026-07-22T15:00:00Z,"New Operive guide: AI workflow automation Dallas pricing. Practical steps for Dallas teams to pick the right workflow, measure ROI, and capture leads faster. #AIWorkflow #DallasBusiness #Automation https://www.operive.com/blog/ai-workflow-automation-dallas-pricing/",blocked-buffer-plan-scheduled-post-limit-10-of-10,
kw_006,AI workflow automation Dallas pricing,https://www.operive.com/blog/ai-workflow-automation-dallas-pricing/,x_twitter,day_after,2026-07-22T17:00:00Z,"[""Dallas teams lose leads when intake and follow-up depend on busy staff. New guide: AI workflow automation Dallas pricing."", ""Start with one high-friction workflow: missed calls, quote requests, booking reminders, or lead qualification."", ""Measure before/after: response speed, captured leads, booked appointments, staff time saved, and handoff quality."", ""Read the practical breakdown: https://www.operive.com/blog/ai-workflow-automation-dallas-pricing/ #AIWorkflow #DallasBusiness #Automation""]",blocked-buffer-plan-scheduled-post-limit-10-of-10,
kw_007,AI workflow automation Dallas near me,https://www.operive.com/blog/ai-workflow-automation-dallas-near-me/,linkedin,publish_day,2026-07-22T15:00:00Z,"New Operive guide: AI workflow automation Dallas near me. Practical steps for Dallas teams to pick the right workflow, measure ROI, and capture leads faster. #AIWorkflow #DallasBusiness #Automation https://www.operive.com/blog/ai-workflow-automation-dallas-near-me/",scheduled-buffer-confirmed,6a593e7d8095068878573d6d
kw_007,AI workflow automation Dallas near me,https://www.operive.com/blog/ai-workflow-automation-dallas-near-me/,x_twitter,publish_day,2026-07-22T17:00:00Z,"[""Dallas teams lose leads when intake and follow-up depend on busy staff. New guide: AI workflow automation Dallas near me."", ""Start with one high-friction workflow: missed calls, quote requests, booking reminders, or lead qualification."", ""Measure before/after: response speed, captured leads, booked appointments, staff time saved, and handoff quality."", ""Read the practical breakdown: https://www.operive.com/blog/ai-workflow-automation-dallas-near-me/ #AIWorkflow #DallasBusiness #Automation""]",blocked-buffer-plan-scheduled-post-limit-10-of-10,
kw_007,AI workflow automation Dallas near me,https://www.operive.com/blog/ai-workflow-automation-dallas-near-me/,linkedin,day_after,2026-07-23T15:00:00Z,"New Operive guide: AI workflow automation Dallas near me. Practical steps for Dallas teams to pick the right workflow, measure ROI, and capture leads faster. #AIWorkflow #DallasBusiness #Automation https://www.operive.com/blog/ai-workflow-automation-dallas-near-me/",blocked-buffer-plan-scheduled-post-limit-10-of-10,
kw_007,AI workflow automation Dallas near me,https://www.operive.com/blog/ai-workflow-automation-dallas-near-me/,x_twitter,day_after,2026-07-23T17:00:00Z,"[""Dallas teams lose leads when intake and follow-up depend on busy staff. New guide: AI workflow automation Dallas near me."", ""Start with one high-friction workflow: missed calls, quote requests, booking reminders, or lead qualification."", ""Measure before/after: response speed, captured leads, booked appointments, staff time saved, and handoff quality."", ""Read the practical breakdown: https://www.operive.com/blog/ai-workflow-automation-dallas-near-me/ #AIWorkflow #DallasBusiness #Automation""]",blocked-buffer-plan-scheduled-post-limit-10-of-10,
kw_008,AI workflow automation Dallas for small business,https://www.operive.com/blog/ai-workflow-automation-dallas-for-small-business/,linkedin,publish_day,2026-07-23T15:00:00Z,"New Operive guide: AI workflow automation Dallas for small business. Practical steps for Dallas teams to pick the right workflow, measure ROI, and capture leads faster. #AIWorkflow #DallasBusiness #Automation https://www.operive.com/blog/ai-workflow-automation-dallas-for-small-business/",blocked-buffer-plan-scheduled-post-limit-10-of-10,
kw_008,AI workflow automation Dallas for small business,https://www.operive.com/blog/ai-workflow-automation-dallas-for-small-business/,x_twitter,publish_day,2026-07-23T17:00:00Z,"[""Dallas teams lose leads when intake and follow-up depend on busy staff. New guide: AI workflow automation Dallas for small business."", ""Start with one high-friction workflow: missed calls, quote requests, booking reminders, or lead qualification."", ""Measure before/after: response speed, captured leads, booked appointments, staff time saved, and handoff quality."", ""Read the practical breakdown: https://www.operive.com/blog/ai-workflow-automation-dallas-for-small-business/ #AIWorkflow #DallasBusiness #Automation""]",blocked-buffer-plan-scheduled-post-limit-10-of-10,
kw_008,AI workflow automation Dallas for small business,https://www.operive.com/blog/ai-workflow-automation-dallas-for-small-business/,linkedin,day_after,2026-07-24T15:00:00Z,"New Operive guide: AI workflow automation Dallas for small business. Practical steps for Dallas teams to pick the right workflow, measure ROI, and capture leads faster. #AIWorkflow #DallasBusiness #Automation https://www.operive.com/blog/ai-workflow-automation-dallas-for-small-business/",blocked-buffer-plan-scheduled-post-limit-10-of-10,
kw_008,AI workflow automation Dallas for small business,https://www.operive.com/blog/ai-workflow-automation-dallas-for-small-business/,x_twitter,day_after,2026-07-24T17:00:00Z,"[""Dallas teams lose leads when intake and follow-up depend on busy staff. New guide: AI workflow automation Dallas for small business."", ""Start with one high-friction workflow: missed calls, quote requests, booking reminders, or lead qualification."", ""Measure before/after: response speed, captured leads, booked appointments, staff time saved, and handoff quality."", ""Read the practical breakdown: https://www.operive.com/blog/ai-workflow-automation-dallas-for-small-business/ #AIWorkflow #DallasBusiness #Automation""]",blocked-buffer-plan-scheduled-post-limit-10-of-10,
kw_009,AI workflow automation Dallas for restaurants,https://www.operive.com/blog/ai-workflow-automation-dallas-for-restaurants/,linkedin,publish_day,2026-07-24T15:00:00Z,"New Operive guide: AI workflow automation Dallas for restaurants. Practical steps for Dallas teams to pick the right workflow, measure ROI, and capture leads faster. #AIWorkflow #DallasBusiness #Automation https://www.operive.com/blog/ai-workflow-automation-dallas-for-restaurants/",blocked-buffer-plan-scheduled-post-limit-10-of-10,
kw_009,AI workflow automation Dallas for restaurants,https://www.operive.com/blog/ai-workflow-automation-dallas-for-restaurants/,x_twitter,publish_day,2026-07-24T17:00:00Z,"[""Dallas teams lose leads when intake and follow-up depend on busy staff. New guide: AI workflow automation Dallas for restaurants."", ""Start with one high-friction workflow: missed calls, quote requests, booking reminders, or lead qualification."", ""Measure before/after: response speed, captured leads, booked appointments, staff time saved, and handoff quality."", ""Read the practical breakdown: https://www.operive.com/blog/ai-workflow-automation-dallas-for-restaurants/ #AIWorkflow #DallasBusiness #Automation""]",blocked-buffer-plan-scheduled-post-limit-10-of-10,
kw_009,AI workflow automation Dallas for restaurants,https://www.operive.com/blog/ai-workflow-automation-dallas-for-restaurants/,linkedin,day_after,2026-07-25T15:00:00Z,"New Operive guide: AI workflow automation Dallas for restaurants. Practical steps for Dallas teams to pick the right workflow, measure ROI, and capture leads faster. #AIWorkflow #DallasBusiness #Automation https://www.operive.com/blog/ai-workflow-automation-dallas-for-restaurants/",blocked-buffer-plan-scheduled-post-limit-10-of-10,
kw_009,AI workflow automation Dallas for restaurants,https://www.operive.com/blog/ai-workflow-automation-dallas-for-restaurants/,x_twitter,day_after,2026-07-25T17:00:00Z,"[""Dallas teams lose leads when intake and follow-up depend on busy staff. New guide: AI workflow automation Dallas for restaurants."", ""Start with one high-friction workflow: missed calls, quote requests, booking reminders, or lead qualification."", ""Measure before/after: response speed, captured leads, booked appointments, staff time saved, and handoff quality."", ""Read the practical breakdown: https://www.operive.com/blog/ai-workflow-automation-dallas-for-restaurants/ #AIWorkflow #DallasBusiness #Automation""]",blocked-buffer-plan-scheduled-post-limit-10-of-10,
kw_010,AI workflow automation Dallas for home services,https://www.operive.com/blog/ai-workflow-automation-dallas-for-home-services/,linkedin,publish_day,2026-07-25T15:00:00Z,"New Operive guide: AI workflow automation Dallas for home services. Practical steps for Dallas teams to pick the right workflow, measure ROI, and capture leads faster. #AIWorkflow #DallasBusiness #Automation https://www.operive.com/blog/ai-workflow-automation-dallas-for-home-services/",blocked-buffer-plan-scheduled-post-limit-10-of-10,
kw_010,AI workflow automation Dallas for home services,https://www.operive.com/blog/ai-workflow-automation-dallas-for-home-services/,x_twitter,publish_day,2026-07-25T17:00:00Z,"[""Dallas teams lose leads when intake and follow-up depend on busy staff. New guide: AI workflow automation Dallas for home services."", ""Start with one high-friction workflow: missed calls, quote requests, booking reminders, or lead qualification."", ""Measure before/after: response speed, captured leads, booked appointments, staff time saved, and handoff quality."", ""Read the practical breakdown: https://www.operive.com/blog/ai-workflow-automation-dallas-for-home-services/ #AIWorkflow #DallasBusiness #Automation""]",blocked-buffer-plan-scheduled-post-limit-10-of-10,
kw_010,AI workflow automation Dallas for home services,https://www.operive.com/blog/ai-workflow-automation-dallas-for-home-services/,linkedin,day_after,2026-07-26T15:00:00Z,"New Operive guide: AI workflow automation Dallas for home services. Practical steps for Dallas teams to pick the right workflow, measure ROI, and capture leads faster. #AIWorkflow #DallasBusiness #Automation https://www.operive.com/blog/ai-workflow-automation-dallas-for-home-services/",blocked-buffer-plan-scheduled-post-limit-10-of-10,
kw_010,AI workflow automation Dallas for home services,https://www.operive.com/blog/ai-workflow-automation-dallas-for-home-services/,x_twitter,day_after,2026-07-26T17:00:00Z,"[""Dallas teams lose leads when intake and follow-up depend on busy staff. New guide: AI workflow automation Dallas for home services."", ""Start with one high-friction workflow: missed calls, quote requests, booking reminders, or lead qualification."", ""Measure before/after: response speed, captured leads, booked appointments, staff time saved, and handoff quality."", ""Read the practical breakdown: https://www.operive.com/blog/ai-workflow-automation-dallas-for-home-services/ #AIWorkflow #DallasBusiness #Automation""]",blocked-buffer-plan-scheduled-post-limit-10-of-10,
kw_011,AI workflow automation Dallas for med spas,https://www.operive.com/blog/ai-workflow-automation-dallas-for-med-spas/,linkedin,publish_day,2026-07-26T15:00:00Z,"New Operive guide: AI workflow automation Dallas for med spas. Practical steps for Dallas teams to pick the right workflow, measure ROI, and capture leads faster. #AIWorkflow #DallasBusiness #Automation https://www.operive.com/blog/ai-workflow-automation-dallas-for-med-spas/",blocked-buffer-plan-scheduled-post-limit-10-of-10,
kw_011,AI workflow automation Dallas for med spas,https://www.operive.com/blog/ai-workflow-automation-dallas-for-med-spas/,x_twitter,publish_day,2026-07-26T17:00:00Z,"[""Dallas teams lose leads when intake and follow-up depend on busy staff. New guide: AI workflow automation Dallas for med spas."", ""Start with one high-friction workflow: missed calls, quote requests, booking reminders, or lead qualification."", ""Measure before/after: response speed, captured leads, booked appointments, staff time saved, and handoff quality."", ""Read the practical breakdown: https://www.operive.com/blog/ai-workflow-automation-dallas-for-med-spas/ #AIWorkflow #DallasBusiness #Automation""]",blocked-buffer-plan-scheduled-post-limit-10-of-10,
kw_011,AI workflow automation Dallas for med spas,https://www.operive.com/blog/ai-workflow-automation-dallas-for-med-spas/,linkedin,day_after,2026-07-27T15:00:00Z,"New Operive guide: AI workflow automation Dallas for med spas. Practical steps for Dallas teams to pick the right workflow, measure ROI, and capture leads faster. #AIWorkflow #DallasBusiness #Automation https://www.operive.com/blog/ai-workflow-automation-dallas-for-med-spas/",blocked-buffer-plan-scheduled-post-limit-10-of-10,
kw_011,AI workflow automation Dallas for med spas,https://www.operive.com/blog/ai-workflow-automation-dallas-for-med-spas/,x_twitter,day_after,2026-07-27T17:00:00Z,"[""Dallas teams lose leads when intake and follow-up depend on busy staff. New guide: AI workflow automation Dallas for med spas."", ""Start with one high-friction workflow: missed calls, quote requests, booking reminders, or lead qualification."", ""Measure before/after: response speed, captured leads, booked appointments, staff time saved, and handoff quality."", ""Read the practical breakdown: https://www.operive.com/blog/ai-workflow-automation-dallas-for-med-spas/ #AIWorkflow #DallasBusiness #Automation""]",blocked-buffer-plan-scheduled-post-limit-10-of-10,
kw_012,AI workflow automation Dallas for dental offices,https://www.operive.com/blog/ai-workflow-automation-dallas-for-dental-offices/,linkedin,publish_day,2026-07-27T15:00:00Z,"New Operive guide: AI workflow automation Dallas for dental offices. Practical steps for Dallas teams to pick the right workflow, measure ROI, and capture leads faster. #AIWorkflow #DallasBusiness #Automation https://www.operive.com/blog/ai-workflow-automation-dallas-for-dental-offices/",blocked-buffer-plan-scheduled-post-limit-10-of-10,
kw_012,AI workflow automation Dallas for dental offices,https://www.operive.com/blog/ai-workflow-automation-dallas-for-dental-offices/,x_twitter,publish_day,2026-07-27T17:00:00Z,"[""Dallas teams lose leads when intake and follow-up depend on busy staff. New guide: AI workflow automation Dallas for dental offices."", ""Start with one high-friction workflow: missed calls, quote requests, booking reminders, or lead qualification."", ""Measure before/after: response speed, captured leads, booked appointments, staff time saved, and handoff quality."", ""Read the practical breakdown: https://www.operive.com/blog/ai-workflow-automation-dallas-for-dental-offices/ #AIWorkflow #DallasBusiness #Automation""]",blocked-buffer-plan-scheduled-post-limit-10-of-10,
kw_012,AI workflow automation Dallas for dental offices,https://www.operive.com/blog/ai-workflow-automation-dallas-for-dental-offices/,linkedin,day_after,2026-07-28T15:00:00Z,"New Operive guide: AI workflow automation Dallas for dental offices. Practical steps for Dallas teams to pick the right workflow, measure ROI, and capture leads faster. #AIWorkflow #DallasBusiness #Automation https://www.operive.com/blog/ai-workflow-automation-dallas-for-dental-offices/",blocked-buffer-plan-scheduled-post-limit-10-of-10,
kw_012,AI workflow automation Dallas for dental offices,https://www.operive.com/blog/ai-workflow-automation-dallas-for-dental-offices/,x_twitter,day_after,2026-07-28T17:00:00Z,"[""Dallas teams lose leads when intake and follow-up depend on busy staff. New guide: AI workflow automation Dallas for dental offices."", ""Start with one high-friction workflow: missed calls, quote requests, booking reminders, or lead qualification."", ""Measure before/after: response speed, captured leads, booked appointments, staff time saved, and handoff quality."", ""Read the practical breakdown: https://www.operive.com/blog/ai-workflow-automation-dallas-for-dental-offices/ #AIWorkflow #DallasBusiness #Automation""]",blocked-buffer-plan-scheduled-post-limit-10-of-10,
kw_013,AI workflow automation Dallas workflow audit,https://www.operive.com/blog/ai-workflow-automation-dallas-workflow-audit/,linkedin,publish_day,2026-07-28T15:00:00Z,"New Operive guide: AI workflow automation Dallas workflow audit. Practical steps for Dallas teams to pick the right workflow, measure ROI, and capture leads faster. #AIWorkflow #DallasBusiness #Automation https://www.operive.com/blog/ai-workflow-automation-dallas-workflow-audit/",blocked-buffer-plan-scheduled-post-limit-10-of-10,
kw_013,AI workflow automation Dallas workflow audit,https://www.operive.com/blog/ai-workflow-automation-dallas-workflow-audit/,x_twitter,publish_day,2026-07-28T17:00:00Z,"[""Dallas teams lose leads when intake and follow-up depend on busy staff. New guide: AI workflow automation Dallas workflow audit."", ""Start with one high-friction workflow: missed calls, quote requests, booking reminders, or lead qualification."", ""Measure before/after: response speed, captured leads, booked appointments, staff time saved, and handoff quality."", ""Read the practical breakdown: https://www.operive.com/blog/ai-workflow-automation-dallas-workflow-audit/ #AIWorkflow #DallasBusiness #Automation""]",blocked-buffer-plan-scheduled-post-limit-10-of-10,
kw_013,AI workflow automation Dallas workflow audit,https://www.operive.com/blog/ai-workflow-automation-dallas-workflow-audit/,linkedin,day_after,2026-07-29T15:00:00Z,"New Operive guide: AI workflow automation Dallas workflow audit. Practical steps for Dallas teams to pick the right workflow, measure ROI, and capture leads faster. #AIWorkflow #DallasBusiness #Automation https://www.operive.com/blog/ai-workflow-automation-dallas-workflow-audit/",blocked-buffer-plan-scheduled-post-limit-10-of-10,
kw_013,AI workflow automation Dallas workflow audit,https://www.operive.com/blog/ai-workflow-automation-dallas-workflow-audit/,x_twitter,day_after,2026-07-29T17:00:00Z,"[""Dallas teams lose leads when intake and follow-up depend on busy staff. New guide: AI workflow automation Dallas workflow audit."", ""Start with one high-friction workflow: missed calls, quote requests, booking reminders, or lead qualification."", ""Measure before/after: response speed, captured leads, booked appointments, staff time saved, and handoff quality."", ""Read the practical breakdown: https://www.operive.com/blog/ai-workflow-automation-dallas-workflow-audit/ #AIWorkflow #DallasBusiness #Automation""]",blocked-buffer-plan-scheduled-post-limit-10-of-10,
kw_014,AI workflow automation Dallas lead response,https://www.operive.com/blog/ai-workflow-automation-dallas-lead-response/,linkedin,publish_day,2026-07-29T15:00:00Z,"New Operive guide: AI workflow automation Dallas lead response. Practical steps for Dallas teams to pick the right workflow, measure ROI, and capture leads faster. #AIWorkflow #DallasBusiness #Automation https://www.operive.com/blog/ai-workflow-automation-dallas-lead-response/",blocked-buffer-plan-scheduled-post-limit-10-of-10,
kw_014,AI workflow automation Dallas lead response,https://www.operive.com/blog/ai-workflow-automation-dallas-lead-response/,x_twitter,publish_day,2026-07-29T17:00:00Z,"[""Dallas teams lose leads when intake and follow-up depend on busy staff. New guide: AI workflow automation Dallas lead response."", ""Start with one high-friction workflow: missed calls, quote requests, booking reminders, or lead qualification."", ""Measure before/after: response speed, captured leads, booked appointments, staff time saved, and handoff quality."", ""Read the practical breakdown: https://www.operive.com/blog/ai-workflow-automation-dallas-lead-response/ #AIWorkflow #DallasBusiness #Automation""]",blocked-buffer-plan-scheduled-post-limit-10-of-10,
kw_014,AI workflow automation Dallas lead response,https://www.operive.com/blog/ai-workflow-automation-dallas-lead-response/,linkedin,day_after,2026-07-30T15:00:00Z,"New Operive guide: AI workflow automation Dallas lead response. Practical steps for Dallas teams to pick the right workflow, measure ROI, and capture leads faster. #AIWorkflow #DallasBusiness #Automation https://www.operive.com/blog/ai-workflow-automation-dallas-lead-response/",blocked-buffer-plan-scheduled-post-limit-10-of-10,
kw_014,AI workflow automation Dallas lead response,https://www.operive.com/blog/ai-workflow-automation-dallas-lead-response/,x_twitter,day_after,2026-07-30T17:00:00Z,"[""Dallas teams lose leads when intake and follow-up depend on busy staff. New guide: AI workflow automation Dallas lead response."", ""Start with one high-friction workflow: missed calls, quote requests, booking reminders, or lead qualification."", ""Measure before/after: response speed, captured leads, booked appointments, staff time saved, and handoff quality."", ""Read the practical breakdown: https://www.operive.com/blog/ai-workflow-automation-dallas-lead-response/ #AIWorkflow #DallasBusiness #Automation""]",blocked-buffer-plan-scheduled-post-limit-10-of-10,
kw_015,AI workflow automation Dallas intake automation,https://www.operive.com/blog/ai-workflow-automation-dallas-intake-automation/,linkedin,publish_day,2026-07-30T15:00:00Z,"New Operive guide: AI workflow automation Dallas intake automation. Practical steps for Dallas teams to pick the right workflow, measure ROI, and capture leads faster. #AIWorkflow #DallasBusiness #Automation https://www.operive.com/blog/ai-workflow-automation-dallas-intake-automation/",blocked-buffer-plan-scheduled-post-limit-10-of-10,
kw_015,AI workflow automation Dallas intake automation,https://www.operive.com/blog/ai-workflow-automation-dallas-intake-automation/,x_twitter,publish_day,2026-07-30T17:00:00Z,"[""Dallas teams lose leads when intake and follow-up depend on busy staff. New guide: AI workflow automation Dallas intake automation."", ""Start with one high-friction workflow: missed calls, quote requests, booking reminders, or lead qualification."", ""Measure before/after: response speed, captured leads, booked appointments, staff time saved, and handoff quality."", ""Read the practical breakdown: https://www.operive.com/blog/ai-workflow-automation-dallas-intake-automation/ #AIWorkflow #DallasBusiness #Automation""]",blocked-buffer-plan-scheduled-post-limit-10-of-10,
kw_015,AI workflow automation Dallas intake automation,https://www.operive.com/blog/ai-workflow-automation-dallas-intake-automation/,linkedin,day_after,2026-07-31T15:00:00Z,"New Operive guide: AI workflow automation Dallas intake automation. Practical steps for Dallas teams to pick the right workflow, measure ROI, and capture leads faster. #AIWorkflow #DallasBusiness #Automation https://www.operive.com/blog/ai-workflow-automation-dallas-intake-automation/",blocked-buffer-plan-scheduled-post-limit-10-of-10,
kw_015,AI workflow automation Dallas intake automation,https://www.operive.com/blog/ai-workflow-automation-dallas-intake-automation/,x_twitter,day_after,2026-07-31T17:00:00Z,"[""Dallas teams lose leads when intake and follow-up depend on busy staff. New guide: AI workflow automation Dallas intake automation."", ""Start with one high-friction workflow: missed calls, quote requests, booking reminders, or lead qualification."", ""Measure before/after: response speed, captured leads, booked appointments, staff time saved, and handoff quality."", ""Read the practical breakdown: https://www.operive.com/blog/ai-workflow-automation-dallas-intake-automation/ #AIWorkflow #DallasBusiness #Automation""]",blocked-buffer-plan-scheduled-post-limit-10-of-10,
kw_016,DFW business process automation services,https://www.operive.com/blog/dfw-business-process-automation-services/,linkedin,publish_day,2026-07-31T15:00:00Z,"New Operive guide: DFW business process automation services. Practical steps for Dallas teams to pick the right workflow, measure ROI, and capture leads faster. #AIWorkflow #DallasBusiness #Automation https://www.operive.com/blog/dfw-business-process-automation-services/",blocked-buffer-plan-scheduled-post-limit-10-of-10,
kw_016,DFW business process automation services,https://www.operive.com/blog/dfw-business-process-automation-services/,x_twitter,publish_day,2026-07-31T17:00:00Z,"[""Dallas teams lose leads when intake and follow-up depend on busy staff. New guide: DFW business process automation services."", ""Start with one high-friction workflow: missed calls, quote requests, booking reminders, or lead qualification."", ""Measure before/after: response speed, captured leads, booked appointments, staff time saved, and handoff quality."", ""Read the practical breakdown: https://www.operive.com/blog/dfw-business-process-automation-services/ #AIWorkflow #DallasBusiness #Automation""]",blocked-buffer-plan-scheduled-post-limit-10-of-10,
kw_016,DFW business process automation services,https://www.operive.com/blog/dfw-business-process-automation-services/,linkedin,day_after,2026-08-01T15:00:00Z,"New Operive guide: DFW business process automation services. Practical steps for Dallas teams to pick the right workflow, measure ROI, and capture leads faster. #AIWorkflow #DallasBusiness #Automation https://www.operive.com/blog/dfw-business-process-automation-services/",blocked-buffer-plan-scheduled-post-limit-10-of-10,
kw_016,DFW business process automation services,https://www.operive.com/blog/dfw-business-process-automation-services/,x_twitter,day_after,2026-08-01T17:00:00Z,"[""Dallas teams lose leads when intake and follow-up depend on busy staff. New guide: DFW business process automation services."", ""Start with one high-friction workflow: missed calls, quote requests, booking reminders, or lead qualification."", ""Measure before/after: response speed, captured leads, booked appointments, staff time saved, and handoff quality."", ""Read the practical breakdown: https://www.operive.com/blog/dfw-business-process-automation-services/ #AIWorkflow #DallasBusiness #Automation""]",blocked-buffer-plan-scheduled-post-limit-10-of-10,
kw_017,DFW business process automation company,https://www.operive.com/blog/dfw-business-process-automation-company/,linkedin,publish_day,2026-08-01T15:00:00Z,"New Operive guide: DFW business process automation company. Practical steps for Dallas teams to pick the right workflow, measure ROI, and capture leads faster. #AIWorkflow #DallasBusiness #Automation https://www.operive.com/blog/dfw-business-process-automation-company/",blocked-buffer-plan-scheduled-post-limit-10-of-10,
kw_017,DFW business process automation company,https://www.operive.com/blog/dfw-business-process-automation-company/,x_twitter,publish_day,2026-08-01T17:00:00Z,"[""Dallas teams lose leads when intake and follow-up depend on busy staff. New guide: DFW business process automation company."", ""Start with one high-friction workflow: missed calls, quote requests, booking reminders, or lead qualification."", ""Measure before/after: response speed, captured leads, booked appointments, staff time saved, and handoff quality."", ""Read the practical breakdown: https://www.operive.com/blog/dfw-business-process-automation-company/ #AIWorkflow #DallasBusiness #Automation""]",blocked-buffer-plan-scheduled-post-limit-10-of-10,
kw_017,DFW business process automation company,https://www.operive.com/blog/dfw-business-process-automation-company/,linkedin,day_after,2026-08-02T15:00:00Z,"New Operive guide: DFW business process automation company. Practical steps for Dallas teams to pick the right workflow, measure ROI, and capture leads faster. #AIWorkflow #DallasBusiness #Automation https://www.operive.com/blog/dfw-business-process-automation-company/",blocked-buffer-plan-scheduled-post-limit-10-of-10,
kw_017,DFW business process automation company,https://www.operive.com/blog/dfw-business-process-automation-company/,x_twitter,day_after,2026-08-02T17:00:00Z,"[""Dallas teams lose leads when intake and follow-up depend on busy staff. New guide: DFW business process automation company."", ""Start with one high-friction workflow: missed calls, quote requests, booking reminders, or lead qualification."", ""Measure before/after: response speed, captured leads, booked appointments, staff time saved, and handoff quality."", ""Read the practical breakdown: https://www.operive.com/blog/dfw-business-process-automation-company/ #AIWorkflow #DallasBusiness #Automation""]",blocked-buffer-plan-scheduled-post-limit-10-of-10,
kw_018,DFW business process automation consultant,https://www.operive.com/blog/dfw-business-process-automation-consultant/,linkedin,publish_day,2026-08-02T15:00:00Z,"New Operive guide: DFW business process automation consultant. Practical steps for Dallas teams to pick the right workflow, measure ROI, and capture leads faster. #AIWorkflow #DallasBusiness #Automation https://www.operive.com/blog/dfw-business-process-automation-consultant/",blocked-buffer-plan-scheduled-post-limit-10-of-10,
kw_018,DFW business process automation consultant,https://www.operive.com/blog/dfw-business-process-automation-consultant/,x_twitter,publish_day,2026-08-02T17:00:00Z,"[""Dallas teams lose leads when intake and follow-up depend on busy staff. New guide: DFW business process automation consultant."", ""Start with one high-friction workflow: missed calls, quote requests, booking reminders, or lead qualification."", ""Measure before/after: response speed, captured leads, booked appointments, staff time saved, and handoff quality."", ""Read the practical breakdown: https://www.operive.com/blog/dfw-business-process-automation-consultant/ #AIWorkflow #DallasBusiness #Automation""]",blocked-buffer-plan-scheduled-post-limit-10-of-10,
kw_018,DFW business process automation consultant,https://www.operive.com/blog/dfw-business-process-automation-consultant/,linkedin,day_after,2026-08-03T15:00:00Z,"New Operive guide: DFW business process automation consultant. Practical steps for Dallas teams to pick the right workflow, measure ROI, and capture leads faster. #AIWorkflow #DallasBusiness #Automation https://www.operive.com/blog/dfw-business-process-automation-consultant/",blocked-buffer-plan-scheduled-post-limit-10-of-10,
kw_018,DFW business process automation consultant,https://www.operive.com/blog/dfw-business-process-automation-consultant/,x_twitter,day_after,2026-08-03T17:00:00Z,"[""Dallas teams lose leads when intake and follow-up depend on busy staff. New guide: DFW business process automation consultant."", ""Start with one high-friction workflow: missed calls, quote requests, booking reminders, or lead qualification."", ""Measure before/after: response speed, captured leads, booked appointments, staff time saved, and handoff quality."", ""Read the practical breakdown: https://www.operive.com/blog/dfw-business-process-automation-consultant/ #AIWorkflow #DallasBusiness #Automation""]",blocked-buffer-plan-scheduled-post-limit-10-of-10,
kw_019,DFW business process automation agency,https://www.operive.com/blog/dfw-business-process-automation-agency/,linkedin,publish_day,2026-08-03T15:00:00Z,"New Operive guide: DFW business process automation agency. Practical steps for Dallas teams to pick the right workflow, measure ROI, and capture leads faster. #AIWorkflow #DallasBusiness #Automation https://www.operive.com/blog/dfw-business-process-automation-agency/",blocked-buffer-plan-scheduled-post-limit-10-of-10,
kw_019,DFW business process automation agency,https://www.operive.com/blog/dfw-business-process-automation-agency/,x_twitter,publish_day,2026-08-03T17:00:00Z,"[""Dallas teams lose leads when intake and follow-up depend on busy staff. New guide: DFW business process automation agency."", ""Start with one high-friction workflow: missed calls, quote requests, booking reminders, or lead qualification."", ""Measure before/after: response speed, captured leads, booked appointments, staff time saved, and handoff quality."", ""Read the practical breakdown: https://www.operive.com/blog/dfw-business-process-automation-agency/ #AIWorkflow #DallasBusiness #Automation""]",blocked-buffer-plan-scheduled-post-limit-10-of-10,
kw_019,DFW business process automation agency,https://www.operive.com/blog/dfw-business-process-automation-agency/,linkedin,day_after,2026-08-04T15:00:00Z,"New Operive guide: DFW business process automation agency. Practical steps for Dallas teams to pick the right workflow, measure ROI, and capture leads faster. #AIWorkflow #DallasBusiness #Automation https://www.operive.com/blog/dfw-business-process-automation-agency/",blocked-buffer-plan-scheduled-post-limit-10-of-10,
kw_019,DFW business process automation agency,https://www.operive.com/blog/dfw-business-process-automation-agency/,x_twitter,day_after,2026-08-04T17:00:00Z,"[""Dallas teams lose leads when intake and follow-up depend on busy staff. New guide: DFW business process automation agency."", ""Start with one high-friction workflow: missed calls, quote requests, booking reminders, or lead qualification."", ""Measure before/after: response speed, captured leads, booked appointments, staff time saved, and handoff quality."", ""Read the practical breakdown: https://www.operive.com/blog/dfw-business-process-automation-agency/ #AIWorkflow #DallasBusiness #Automation""]",blocked-buffer-plan-scheduled-post-limit-10-of-10,
kw_020,DFW business process automation implementation,https://www.operive.com/blog/dfw-business-process-automation-implementation/,linkedin,publish_day,2026-08-04T15:00:00Z,"New Operive guide: DFW business process automation implementation. Practical steps for Dallas teams to pick the right workflow, measure ROI, and capture leads faster. #AIWorkflow #DallasBusiness #Automation https://www.operive.com/blog/dfw-business-process-automation-implementation/",blocked-buffer-plan-scheduled-post-limit-10-of-10,
kw_020,DFW business process automation implementation,https://www.operive.com/blog/dfw-business-process-automation-implementation/,x_twitter,publish_day,2026-08-04T17:00:00Z,"[""Dallas teams lose leads when intake and follow-up depend on busy staff. New guide: DFW business process automation implementation."", ""Start with one high-friction workflow: missed calls, quote requests, booking reminders, or lead qualification."", ""Measure before/after: response speed, captured leads, booked appointments, staff time saved, and handoff quality."", ""Read the practical breakdown: https://www.operive.com/blog/dfw-business-process-automation-implementation/ #AIWorkflow #DallasBusiness #Automation""]",blocked-buffer-plan-scheduled-post-limit-10-of-10,
kw_020,DFW business process automation implementation,https://www.operive.com/blog/dfw-business-process-automation-implementation/,linkedin,day_after,2026-08-05T15:00:00Z,"New Operive guide: DFW business process automation implementation. Practical steps for Dallas teams to pick the right workflow, measure ROI, and capture leads faster. #AIWorkflow #DallasBusiness #Automation https://www.operive.com/blog/dfw-business-process-automation-implementation/",blocked-buffer-plan-scheduled-post-limit-10-of-10,
kw_020,DFW business process automation implementation,https://www.operive.com/blog/dfw-business-process-automation-implementation/,x_twitter,day_after,2026-08-05T17:00:00Z,"[""Dallas teams lose leads when intake and follow-up depend on busy staff. New guide: DFW business process automation implementation."", ""Start with one high-friction workflow: missed calls, quote requests, booking reminders, or lead qualification."", ""Measure before/after: response speed, captured leads, booked appointments, staff time saved, and handoff quality."", ""Read the practical breakdown: https://www.operive.com/blog/dfw-business-process-automation-implementation/ #AIWorkflow #DallasBusiness #Automation""]",blocked-buffer-plan-scheduled-post-limit-10-of-10,
kw_021,DFW business process automation pricing,https://www.operive.com/blog/dfw-business-process-automation-pricing/,linkedin,publish_day,2026-08-05T15:00:00Z,"New Operive guide: DFW business process automation pricing. Practical steps for Dallas teams to pick the right workflow, measure ROI, and capture leads faster. #AIWorkflow #DallasBusiness #Automation https://www.operive.com/blog/dfw-business-process-automation-pricing/",blocked-buffer-plan-scheduled-post-limit-10-of-10,
kw_021,DFW business process automation pricing,https://www.operive.com/blog/dfw-business-process-automation-pricing/,x_twitter,publish_day,2026-08-05T17:00:00Z,"[""Dallas teams lose leads when intake and follow-up depend on busy staff. New guide: DFW business process automation pricing."", ""Start with one high-friction workflow: missed calls, quote requests, booking reminders, or lead qualification."", ""Measure before/after: response speed, captured leads, booked appointments, staff time saved, and handoff quality."", ""Read the practical breakdown: https://www.operive.com/blog/dfw-business-process-automation-pricing/ #AIWorkflow #DallasBusiness #Automation""]",blocked-buffer-plan-scheduled-post-limit-10-of-10,
kw_021,DFW business process automation pricing,https://www.operive.com/blog/dfw-business-process-automation-pricing/,linkedin,day_after,2026-08-06T15:00:00Z,"New Operive guide: DFW business process automation pricing. Practical steps for Dallas teams to pick the right workflow, measure ROI, and capture leads faster. #AIWorkflow #DallasBusiness #Automation https://www.operive.com/blog/dfw-business-process-automation-pricing/",blocked-buffer-plan-scheduled-post-limit-10-of-10,
kw_021,DFW business process automation pricing,https://www.operive.com/blog/dfw-business-process-automation-pricing/,x_twitter,day_after,2026-08-06T17:00:00Z,"[""Dallas teams lose leads when intake and follow-up depend on busy staff. New guide: DFW business process automation pricing."", ""Start with one high-friction workflow: missed calls, quote requests, booking reminders, or lead qualification."", ""Measure before/after: response speed, captured leads, booked appointments, staff time saved, and handoff quality."", ""Read the practical breakdown: https://www.operive.com/blog/dfw-business-process-automation-pricing/ #AIWorkflow #DallasBusiness #Automation""]",blocked-buffer-plan-scheduled-post-limit-10-of-10,
kw_022,DFW business process automation near me,https://www.operive.com/blog/dfw-business-process-automation-near-me/,linkedin,publish_day,2026-08-06T15:00:00Z,"New Operive guide: DFW business process automation near me. Practical steps for Dallas teams to pick the right workflow, measure ROI, and capture leads faster. #AIWorkflow #DallasBusiness #Automation https://www.operive.com/blog/dfw-business-process-automation-near-me/",blocked-buffer-plan-scheduled-post-limit-10-of-10,
kw_022,DFW business process automation near me,https://www.operive.com/blog/dfw-business-process-automation-near-me/,x_twitter,publish_day,2026-08-06T17:00:00Z,"[""Dallas teams lose leads when intake and follow-up depend on busy staff. New guide: DFW business process automation near me."", ""Start with one high-friction workflow: missed calls, quote requests, booking reminders, or lead qualification."", ""Measure before/after: response speed, captured leads, booked appointments, staff time saved, and handoff quality."", ""Read the practical breakdown: https://www.operive.com/blog/dfw-business-process-automation-near-me/ #AIWorkflow #DallasBusiness #Automation""]",blocked-buffer-plan-scheduled-post-limit-10-of-10,
kw_022,DFW business process automation near me,https://www.operive.com/blog/dfw-business-process-automation-near-me/,linkedin,day_after,2026-08-07T15:00:00Z,"New Operive guide: DFW business process automation near me. Practical steps for Dallas teams to pick the right workflow, measure ROI, and capture leads faster. #AIWorkflow #DallasBusiness #Automation https://www.operive.com/blog/dfw-business-process-automation-near-me/",blocked-buffer-plan-scheduled-post-limit-10-of-10,
kw_022,DFW business process automation near me,https://www.operive.com/blog/dfw-business-process-automation-near-me/,x_twitter,day_after,2026-08-07T17:00:00Z,"[""Dallas teams lose leads when intake and follow-up depend on busy staff. New guide: DFW business process automation near me."", ""Start with one high-friction workflow: missed calls, quote requests, booking reminders, or lead qualification."", ""Measure before/after: response speed, captured leads, booked appointments, staff time saved, and handoff quality."", ""Read the practical breakdown: https://www.operive.com/blog/dfw-business-process-automation-near-me/ #AIWorkflow #DallasBusiness #Automation""]",blocked-buffer-plan-scheduled-post-limit-10-of-10,
kw_023,DFW business process automation for small business,https://www.operive.com/blog/dfw-business-process-automation-for-small-business/,linkedin,publish_day,2026-08-07T15:00:00Z,"New Operive guide: DFW business process automation for small business. Practical steps for Dallas teams to pick the right workflow, measure ROI, and capture leads faster. #AIWorkflow #DallasBusiness #Automation https://www.operive.com/blog/dfw-business-process-automation-for-small-business/",blocked-buffer-plan-scheduled-post-limit-10-of-10,
kw_023,DFW business process automation for small business,https://www.operive.com/blog/dfw-business-process-automation-for-small-business/,x_twitter,publish_day,2026-08-07T17:00:00Z,"[""Dallas teams lose leads when intake and follow-up depend on busy staff. New guide: DFW business process automation for small business."", ""Start with one high-friction workflow: missed calls, quote requests, booking reminders, or lead qualification."", ""Measure before/after: response speed, captured leads, booked appointments, staff time saved, and handoff quality."", ""Read the practical breakdown: https://www.operive.com/blog/dfw-business-process-automation-for-small-business/ #AIWorkflow #DallasBusiness #Automation""]",blocked-buffer-plan-scheduled-post-limit-10-of-10,
kw_023,DFW business process automation for small business,https://www.operive.com/blog/dfw-business-process-automation-for-small-business/,linkedin,day_after,2026-08-08T15:00:00Z,"New Operive guide: DFW business process automation for small business. Practical steps for Dallas teams to pick the right workflow, measure ROI, and capture leads faster. #AIWorkflow #DallasBusiness #Automation https://www.operive.com/blog/dfw-business-process-automation-for-small-business/",blocked-buffer-plan-scheduled-post-limit-10-of-10,
kw_023,DFW business process automation for small business,https://www.operive.com/blog/dfw-business-process-automation-for-small-business/,x_twitter,day_after,2026-08-08T17:00:00Z,"[""Dallas teams lose leads when intake and follow-up depend on busy staff. New guide: DFW business process automation for small business."", ""Start with one high-friction workflow: missed calls, quote requests, booking reminders, or lead qualification."", ""Measure before/after: response speed, captured leads, booked appointments, staff time saved, and handoff quality."", ""Read the practical breakdown: https://www.operive.com/blog/dfw-business-process-automation-for-small-business/ #AIWorkflow #DallasBusiness #Automation""]",blocked-buffer-plan-scheduled-post-limit-10-of-10,
kw_024,DFW business process automation for restaurants,https://www.operive.com/blog/dfw-business-process-automation-for-restaurants/,linkedin,publish_day,2026-08-08T15:00:00Z,"New Operive guide: DFW business process automation for restaurants. Practical steps for Dallas teams to pick the right workflow, measure ROI, and capture leads faster. #AIWorkflow #DallasBusiness #Automation https://www.operive.com/blog/dfw-business-process-automation-for-restaurants/",blocked-buffer-plan-scheduled-post-limit-10-of-10,
kw_024,DFW business process automation for restaurants,https://www.operive.com/blog/dfw-business-process-automation-for-restaurants/,x_twitter,publish_day,2026-08-08T17:00:00Z,"[""Dallas teams lose leads when intake and follow-up depend on busy staff. New guide: DFW business process automation for restaurants."", ""Start with one high-friction workflow: missed calls, quote requests, booking reminders, or lead qualification."", ""Measure before/after: response speed, captured leads, booked appointments, staff time saved, and handoff quality."", ""Read the practical breakdown: https://www.operive.com/blog/dfw-business-process-automation-for-restaurants/ #AIWorkflow #DallasBusiness #Automation""]",blocked-buffer-plan-scheduled-post-limit-10-of-10,
kw_024,DFW business process automation for restaurants,https://www.operive.com/blog/dfw-business-process-automation-for-restaurants/,linkedin,day_after,2026-08-09T15:00:00Z,"New Operive guide: DFW business process automation for restaurants. Practical steps for Dallas teams to pick the right workflow, measure ROI, and capture leads faster. #AIWorkflow #DallasBusiness #Automation https://www.operive.com/blog/dfw-business-process-automation-for-restaurants/",blocked-buffer-plan-scheduled-post-limit-10-of-10,
kw_024,DFW business process automation for restaurants,https://www.operive.com/blog/dfw-business-process-automation-for-restaurants/,x_twitter,day_after,2026-08-09T17:00:00Z,"[""Dallas teams lose leads when intake and follow-up depend on busy staff. New guide: DFW business process automation for restaurants."", ""Start with one high-friction workflow: missed calls, quote requests, booking reminders, or lead qualification."", ""Measure before/after: response speed, captured leads, booked appointments, staff time saved, and handoff quality."", ""Read the practical breakdown: https://www.operive.com/blog/dfw-business-process-automation-for-restaurants/ #AIWorkflow #DallasBusiness #Automation""]",blocked-buffer-plan-scheduled-post-limit-10-of-10,
kw_025,DFW business process automation for home services,https://www.operive.com/blog/dfw-business-process-automation-for-home-services/,linkedin,publish_day,2026-08-09T15:00:00Z,"New Operive guide: DFW business process automation for home services. Practical steps for Dallas teams to pick the right workflow, measure ROI, and capture leads faster. #AIWorkflow #DallasBusiness #Automation https://www.operive.com/blog/dfw-business-process-automation-for-home-services/",blocked-buffer-plan-scheduled-post-limit-10-of-10,
kw_025,DFW business process automation for home services,https://www.operive.com/blog/dfw-business-process-automation-for-home-services/,x_twitter,publish_day,2026-08-09T17:00:00Z,"[""Dallas teams lose leads when intake and follow-up depend on busy staff. New guide: DFW business process automation for home services."", ""Start with one high-friction workflow: missed calls, quote requests, booking reminders, or lead qualification."", ""Measure before/after: response speed, captured leads, booked appointments, staff time saved, and handoff quality."", ""Read the practical breakdown: https://www.operive.com/blog/dfw-business-process-automation-for-home-services/ #AIWorkflow #DallasBusiness #Automation""]",blocked-buffer-plan-scheduled-post-limit-10-of-10,
kw_025,DFW business process automation for home services,https://www.operive.com/blog/dfw-business-process-automation-for-home-services/,linkedin,day_after,2026-08-10T15:00:00Z,"New Operive guide: DFW business process automation for home services. Practical steps for Dallas teams to pick the right workflow, measure ROI, and capture leads faster. #AIWorkflow #DallasBusiness #Automation https://www.operive.com/blog/dfw-business-process-automation-for-home-services/",blocked-buffer-plan-scheduled-post-limit-10-of-10,
kw_025,DFW business process automation for home services,https://www.operive.com/blog/dfw-business-process-automation-for-home-services/,x_twitter,day_after,2026-08-10T17:00:00Z,"[""Dallas teams lose leads when intake and follow-up depend on busy staff. New guide: DFW business process automation for home services."", ""Start with one high-friction workflow: missed calls, quote requests, booking reminders, or lead qualification."", ""Measure before/after: response speed, captured leads, booked appointments, staff time saved, and handoff quality."", ""Read the practical breakdown: https://www.operive.com/blog/dfw-business-process-automation-for-home-services/ #AIWorkflow #DallasBusiness #Automation""]",blocked-buffer-plan-scheduled-post-limit-10-of-10,
kw_026,DFW business process automation for med spas,https://www.operive.com/blog/dfw-business-process-automation-for-med-spas/,linkedin,publish_day,2026-08-10T15:00:00Z,"New Operive guide: DFW business process automation for med spas. Practical steps for Dallas teams to pick the right workflow, measure ROI, and capture leads faster. #AIWorkflow #DallasBusiness #Automation https://www.operive.com/blog/dfw-business-process-automation-for-med-spas/",blocked-buffer-plan-scheduled-post-limit-10-of-10,
kw_026,DFW business process automation for med spas,https://www.operive.com/blog/dfw-business-process-automation-for-med-spas/,x_twitter,publish_day,2026-08-10T17:00:00Z,"[""Dallas teams lose leads when intake and follow-up depend on busy staff. New guide: DFW business process automation for med spas."", ""Start with one high-friction workflow: missed calls, quote requests, booking reminders, or lead qualification."", ""Measure before/after: response speed, captured leads, booked appointments, staff time saved, and handoff quality."", ""Read the practical breakdown: https://www.operive.com/blog/dfw-business-process-automation-for-med-spas/ #AIWorkflow #DallasBusiness #Automation""]",blocked-buffer-plan-scheduled-post-limit-10-of-10,
kw_026,DFW business process automation for med spas,https://www.operive.com/blog/dfw-business-process-automation-for-med-spas/,linkedin,day_after,2026-08-11T15:00:00Z,"New Operive guide: DFW business process automation for med spas. Practical steps for Dallas teams to pick the right workflow, measure ROI, and capture leads faster. #AIWorkflow #DallasBusiness #Automation https://www.operive.com/blog/dfw-business-process-automation-for-med-spas/",blocked-buffer-plan-scheduled-post-limit-10-of-10,
kw_026,DFW business process automation for med spas,https://www.operive.com/blog/dfw-business-process-automation-for-med-spas/,x_twitter,day_after,2026-08-11T17:00:00Z,"[""Dallas teams lose leads when intake and follow-up depend on busy staff. New guide: DFW business process automation for med spas."", ""Start with one high-friction workflow: missed calls, quote requests, booking reminders, or lead qualification."", ""Measure before/after: response speed, captured leads, booked appointments, staff time saved, and handoff quality."", ""Read the practical breakdown: https://www.operive.com/blog/dfw-business-process-automation-for-med-spas/ #AIWorkflow #DallasBusiness #Automation""]",blocked-buffer-plan-scheduled-post-limit-10-of-10,
kw_027,DFW business process automation for dental offices,https://www.operive.com/blog/dfw-business-process-automation-for-dental-offices/,linkedin,publish_day,2026-08-11T15:00:00Z,"New Operive guide: DFW business process automation for dental offices. Practical steps for Dallas teams to pick the right workflow, measure ROI, and capture leads faster. #AIWorkflow #DallasBusiness #Automation https://www.operive.com/blog/dfw-business-process-automation-for-dental-offices/",blocked-buffer-plan-scheduled-post-limit-10-of-10,
kw_027,DFW business process automation for dental offices,https://www.operive.com/blog/dfw-business-process-automation-for-dental-offices/,x_twitter,publish_day,2026-08-11T17:00:00Z,"[""Dallas teams lose leads when intake and follow-up depend on busy staff. New guide: DFW business process automation for dental offices."", ""Start with one high-friction workflow: missed calls, quote requests, booking reminders, or lead qualification."", ""Measure before/after: response speed, captured leads, booked appointments, staff time saved, and handoff quality."", ""Read the practical breakdown: https://www.operive.com/blog/dfw-business-process-automation-for-dental-offices/ #AIWorkflow #DallasBusiness #Automation""]",blocked-buffer-plan-scheduled-post-limit-10-of-10,
kw_027,DFW business process automation for dental offices,https://www.operive.com/blog/dfw-business-process-automation-for-dental-offices/,linkedin,day_after,2026-08-12T15:00:00Z,"New Operive guide: DFW business process automation for dental offices. Practical steps for Dallas teams to pick the right workflow, measure ROI, and capture leads faster. #AIWorkflow #DallasBusiness #Automation https://www.operive.com/blog/dfw-business-process-automation-for-dental-offices/",blocked-buffer-plan-scheduled-post-limit-10-of-10,
kw_027,DFW business process automation for dental offices,https://www.operive.com/blog/dfw-business-process-automation-for-dental-offices/,x_twitter,day_after,2026-08-12T17:00:00Z,"[""Dallas teams lose leads when intake and follow-up depend on busy staff. New guide: DFW business process automation for dental offices."", ""Start with one high-friction workflow: missed calls, quote requests, booking reminders, or lead qualification."", ""Measure before/after: response speed, captured leads, booked appointments, staff time saved, and handoff quality."", ""Read the practical breakdown: https://www.operive.com/blog/dfw-business-process-automation-for-dental-offices/ #AIWorkflow #DallasBusiness #Automation""]",blocked-buffer-plan-scheduled-post-limit-10-of-10,
kw_028,DFW business process automation workflow audit,https://www.operive.com/blog/dfw-business-process-automation-workflow-audit/,linkedin,publish_day,2026-08-12T15:00:00Z,"New Operive guide: DFW business process automation workflow audit. Practical steps for Dallas teams to pick the right workflow, measure ROI, and capture leads faster. #AIWorkflow #DallasBusiness #Automation https://www.operive.com/blog/dfw-business-process-automation-workflow-audit/",blocked-buffer-plan-scheduled-post-limit-10-of-10,
kw_028,DFW business process automation workflow audit,https://www.operive.com/blog/dfw-business-process-automation-workflow-audit/,x_twitter,publish_day,2026-08-12T17:00:00Z,"[""Dallas teams lose leads when intake and follow-up depend on busy staff. New guide: DFW business process automation workflow audit."", ""Start with one high-friction workflow: missed calls, quote requests, booking reminders, or lead qualification."", ""Measure before/after: response speed, captured leads, booked appointments, staff time saved, and handoff quality."", ""Read the practical breakdown: https://www.operive.com/blog/dfw-business-process-automation-workflow-audit/ #AIWorkflow #DallasBusiness #Automation""]",blocked-buffer-plan-scheduled-post-limit-10-of-10,
kw_028,DFW business process automation workflow audit,https://www.operive.com/blog/dfw-business-process-automation-workflow-audit/,linkedin,day_after,2026-08-13T15:00:00Z,"New Operive guide: DFW business process automation workflow audit. Practical steps for Dallas teams to pick the right workflow, measure ROI, and capture leads faster. #AIWorkflow #DallasBusiness #Automation https://www.operive.com/blog/dfw-business-process-automation-workflow-audit/",blocked-buffer-plan-scheduled-post-limit-10-of-10,
kw_028,DFW business process automation workflow audit,https://www.operive.com/blog/dfw-business-process-automation-workflow-audit/,x_twitter,day_after,2026-08-13T17:00:00Z,"[""Dallas teams lose leads when intake and follow-up depend on busy staff. New guide: DFW business process automation workflow audit."", ""Start with one high-friction workflow: missed calls, quote requests, booking reminders, or lead qualification."", ""Measure before/after: response speed, captured leads, booked appointments, staff time saved, and handoff quality."", ""Read the practical breakdown: https://www.operive.com/blog/dfw-business-process-automation-workflow-audit/ #AIWorkflow #DallasBusiness #Automation""]",blocked-buffer-plan-scheduled-post-limit-10-of-10,
kw_029,DFW business process automation lead response,https://www.operive.com/blog/dfw-business-process-automation-lead-response/,linkedin,publish_day,2026-08-13T15:00:00Z,"New Operive guide: DFW business process automation lead response. Practical steps for Dallas teams to pick the right workflow, measure ROI, and capture leads faster. #AIWorkflow #DallasBusiness #Automation https://www.operive.com/blog/dfw-business-process-automation-lead-response/",blocked-buffer-plan-scheduled-post-limit-10-of-10,
kw_029,DFW business process automation lead response,https://www.operive.com/blog/dfw-business-process-automation-lead-response/,x_twitter,publish_day,2026-08-13T17:00:00Z,"[""Dallas teams lose leads when intake and follow-up depend on busy staff. New guide: DFW business process automation lead response."", ""Start with one high-friction workflow: missed calls, quote requests, booking reminders, or lead qualification."", ""Measure before/after: response speed, captured leads, booked appointments, staff time saved, and handoff quality."", ""Read the practical breakdown: https://www.operive.com/blog/dfw-business-process-automation-lead-response/ #AIWorkflow #DallasBusiness #Automation""]",blocked-buffer-plan-scheduled-post-limit-10-of-10,
kw_029,DFW business process automation lead response,https://www.operive.com/blog/dfw-business-process-automation-lead-response/,linkedin,day_after,2026-08-14T15:00:00Z,"New Operive guide: DFW business process automation lead response. Practical steps for Dallas teams to pick the right workflow, measure ROI, and capture leads faster. #AIWorkflow #DallasBusiness #Automation https://www.operive.com/blog/dfw-business-process-automation-lead-response/",blocked-buffer-plan-scheduled-post-limit-10-of-10,
kw_029,DFW business process automation lead response,https://www.operive.com/blog/dfw-business-process-automation-lead-response/,x_twitter,day_after,2026-08-14T17:00:00Z,"[""Dallas teams lose leads when intake and follow-up depend on busy staff. New guide: DFW business process automation lead response."", ""Start with one high-friction workflow: missed calls, quote requests, booking reminders, or lead qualification."", ""Measure before/after: response speed, captured leads, booked appointments, staff time saved, and handoff quality."", ""Read the practical breakdown: https://www.operive.com/blog/dfw-business-process-automation-lead-response/ #AIWorkflow #DallasBusiness #Automation""]",blocked-buffer-plan-scheduled-post-limit-10-of-10,
kw_030,DFW business process automation intake automation,https://www.operive.com/blog/dfw-business-process-automation-intake-automation/,linkedin,publish_day,2026-08-14T15:00:00Z,"New Operive guide: DFW business process automation intake automation. Practical steps for Dallas teams to pick the right workflow, measure ROI, and capture leads faster. #AIWorkflow #DallasBusiness #Automation https://www.operive.com/blog/dfw-business-process-automation-intake-automation/",blocked-buffer-plan-scheduled-post-limit-10-of-10,
kw_030,DFW business process automation intake automation,https://www.operive.com/blog/dfw-business-process-automation-intake-automation/,x_twitter,publish_day,2026-08-14T17:00:00Z,"[""Dallas teams lose leads when intake and follow-up depend on busy staff. New guide: DFW business process automation intake automation."", ""Start with one high-friction workflow: missed calls, quote requests, booking reminders, or lead qualification."", ""Measure before/after: response speed, captured leads, booked appointments, staff time saved, and handoff quality."", ""Read the practical breakdown: https://www.operive.com/blog/dfw-business-process-automation-intake-automation/ #AIWorkflow #DallasBusiness #Automation""]",blocked-buffer-plan-scheduled-post-limit-10-of-10,
kw_030,DFW business process automation intake automation,https://www.operive.com/blog/dfw-business-process-automation-intake-automation/,linkedin,day_after,2026-08-15T15:00:00Z,"New Operive guide: DFW business process automation intake automation. Practical steps for Dallas teams to pick the right workflow, measure ROI, and capture leads faster. #AIWorkflow #DallasBusiness #Automation https://www.operive.com/blog/dfw-business-process-automation-intake-automation/",blocked-buffer-plan-scheduled-post-limit-10-of-10,
kw_030,DFW business process automation intake automation,https://www.operive.com/blog/dfw-business-process-automation-intake-automation/,x_twitter,day_after,2026-08-15T17:00:00Z,"[""Dallas teams lose leads when intake and follow-up depend on busy staff. New guide: DFW business process automation intake automation."", ""Start with one high-friction workflow: missed calls, quote requests, booking reminders, or lead qualification."", ""Measure before/after: response speed, captured leads, booked appointments, staff time saved, and handoff quality."", ""Read the practical breakdown: https://www.operive.com/blog/dfw-business-process-automation-intake-automation/ #AIWorkflow #DallasBusiness #Automation""]",blocked-buffer-plan-scheduled-post-limit-10-of-10,
