date,action,owner,note
2026-07-15,Launch DFW lead monitor and review first batch of prospects,Owner,"Run monitor, score leads, dedupe contacts"
2026-07-16,Approve first 20 personalized outreach drafts,CEO,External sending requires explicit approval
2026-07-17,Send approved outreach wave 1 to restaurants/home services,Sales,Use Calendly CTA and one workflow-specific pain point
2026-07-18,Publish/submit 30-page blog sitemap to Search Console,Marketing,Verify indexability and canonical/hreflang
2026-07-20,Follow up with wave 1 non-responders,Sales,Short proof-oriented follow-up
2026-07-22,Run founder local-network asks,CEO,Ask DFW operators for 3 intros to restaurants/home services
2026-07-24,Book demos from replies and qualify budget/timing,Sales,Push qualified leads to 30-min call
2026-07-27,Send proposal to best-fit prospect,CEO/Sales,"Scope one workflow, 7-day install, clear price"
2026-07-31,Close first DFW client or document blockers,CEO,Signed agreement/payment required for acceptance
