query,segment,signal
restaurant missed calls Dallas,restaurant,missed-call pain
private event inquiry restaurant Fort Worth,restaurant,event inquiry follow-up
HVAC emergency service Dallas contact,home services,after-hours intake
plumber Fort Worth contact form,home services,lead response
med spa consultation Dallas contact,med spa,consultation follow-up
dental office new patient Dallas contact,healthcare,new-patient intake
roofing estimate Dallas Fort Worth contact,home services,estimate follow-up
garage door repair Dallas contact,home services,urgent service intake
catering Dallas corporate events contact,restaurant,catering inquiry
small business WhatsApp Dallas contact,local services,messaging automation
