id,keyword,topic_pillar,cluster_number,intent,target_template,volume_floor,kd_ceiling,target_city,status,slug,internal_links,cta
kw_001,AI workflow automation Dallas services,Commercial workflow automation,1,commercial,industry-guide,90,24,Dallas-Fort Worth,candidate-awaiting-ahrefs-or-semrush-verification,ai-workflow-automation-dallas-services,/services/;/pricing/;/blog/,https://calendly.com/operive/30min
kw_002,AI workflow automation Dallas company,Commercial workflow automation,1,commercial,industry-guide,70,22,Dallas-Fort Worth,candidate-awaiting-ahrefs-or-semrush-verification,ai-workflow-automation-dallas-company,/services/;/pricing/;/blog/,https://calendly.com/operive/30min
kw_003,AI workflow automation Dallas consultant,Commercial workflow automation,1,commercial,industry-guide,60,20,Dallas-Fort Worth,candidate-awaiting-ahrefs-or-semrush-verification,ai-workflow-automation-dallas-consultant,/services/;/pricing/;/blog/,https://calendly.com/operive/30min
kw_004,AI workflow automation Dallas agency,Commercial workflow automation,1,commercial,industry-guide,80,25,Dallas-Fort Worth,candidate-awaiting-ahrefs-or-semrush-verification,ai-workflow-automation-dallas-agency,/services/;/pricing/;/blog/,https://calendly.com/operive/30min
kw_005,AI workflow automation Dallas implementation,Commercial workflow automation,1,commercial-investigation,how-to,50,18,Dallas-Fort Worth,candidate-awaiting-ahrefs-or-semrush-verification,ai-workflow-automation-dallas-implementation,/services/;/pricing/;/blog/,https://calendly.com/operive/30min
kw_006,AI workflow automation Dallas pricing,Commercial workflow automation,1,commercial,industry-guide,50,19,Dallas-Fort Worth,candidate-awaiting-ahrefs-or-semrush-verification,ai-workflow-automation-dallas-pricing,/services/;/pricing/;/blog/,https://calendly.com/operive/30min
kw_007,AI workflow automation Dallas near me,Commercial workflow automation,1,commercial,industry-guide,60,23,Dallas-Fort Worth,candidate-awaiting-ahrefs-or-semrush-verification,ai-workflow-automation-dallas-near-me,/services/;/pricing/;/blog/,https://calendly.com/operive/30min
kw_008,AI workflow automation Dallas for small business,Commercial workflow automation,1,commercial-investigation,case-study,90,26,Dallas-Fort Worth,candidate-awaiting-ahrefs-or-semrush-verification,ai-workflow-automation-dallas-for-small-business,/services/;/pricing/;/blog/,https://calendly.com/operive/30min
kw_009,AI workflow automation Dallas for restaurants,Commercial workflow automation,1,commercial-investigation,case-study,70,21,Dallas-Fort Worth,candidate-awaiting-ahrefs-or-semrush-verification,ai-workflow-automation-dallas-for-restaurants,/services/;/pricing/;/blog/,https://calendly.com/operive/30min
kw_010,AI workflow automation Dallas for home services,Commercial workflow automation,1,commercial-investigation,case-study,60,23,Dallas-Fort Worth,candidate-awaiting-ahrefs-or-semrush-verification,ai-workflow-automation-dallas-for-home-services,/services/;/pricing/;/blog/,https://calendly.com/operive/30min
kw_011,AI workflow automation Dallas for med spas,Commercial workflow automation,1,commercial-investigation,case-study,50,20,Dallas-Fort Worth,candidate-awaiting-ahrefs-or-semrush-verification,ai-workflow-automation-dallas-for-med-spas,/services/;/pricing/;/blog/,https://calendly.com/operive/30min
kw_012,AI workflow automation Dallas for dental offices,Commercial workflow automation,1,commercial-investigation,case-study,50,20,Dallas-Fort Worth,candidate-awaiting-ahrefs-or-semrush-verification,ai-workflow-automation-dallas-for-dental-offices,/services/;/pricing/;/blog/,https://calendly.com/operive/30min
kw_013,AI workflow automation Dallas workflow audit,Commercial workflow automation,1,commercial-investigation,how-to,50,17,Dallas-Fort Worth,candidate-awaiting-ahrefs-or-semrush-verification,ai-workflow-automation-dallas-workflow-audit,/services/;/pricing/;/blog/,https://calendly.com/operive/30min
kw_014,AI workflow automation Dallas lead response,Commercial workflow automation,1,commercial-investigation,how-to,70,22,Dallas-Fort Worth,candidate-awaiting-ahrefs-or-semrush-verification,ai-workflow-automation-dallas-lead-response,/services/;/pricing/;/blog/,https://calendly.com/operive/30min
kw_015,AI workflow automation Dallas intake automation,Commercial workflow automation,1,commercial-investigation,how-to,80,24,Dallas-Fort Worth,candidate-awaiting-ahrefs-or-semrush-verification,ai-workflow-automation-dallas-intake-automation,/services/;/pricing/;/blog/,https://calendly.com/operive/30min
kw_016,DFW business process automation services,Process automation consulting,2,commercial,industry-guide,90,24,Dallas-Fort Worth,candidate-awaiting-ahrefs-or-semrush-verification,dfw-business-process-automation-services,/services/;/pricing/;/blog/,https://calendly.com/operive/30min
kw_017,DFW business process automation company,Process automation consulting,2,commercial,industry-guide,70,22,Dallas-Fort Worth,candidate-awaiting-ahrefs-or-semrush-verification,dfw-business-process-automation-company,/services/;/pricing/;/blog/,https://calendly.com/operive/30min
kw_018,DFW business process automation consultant,Process automation consulting,2,commercial,industry-guide,60,20,Dallas-Fort Worth,candidate-awaiting-ahrefs-or-semrush-verification,dfw-business-process-automation-consultant,/services/;/pricing/;/blog/,https://calendly.com/operive/30min
kw_019,DFW business process automation agency,Process automation consulting,2,commercial,industry-guide,80,25,Dallas-Fort Worth,candidate-awaiting-ahrefs-or-semrush-verification,dfw-business-process-automation-agency,/services/;/pricing/;/blog/,https://calendly.com/operive/30min
kw_020,DFW business process automation implementation,Process automation consulting,2,commercial-investigation,how-to,50,18,Dallas-Fort Worth,candidate-awaiting-ahrefs-or-semrush-verification,dfw-business-process-automation-implementation,/services/;/pricing/;/blog/,https://calendly.com/operive/30min
kw_021,DFW business process automation pricing,Process automation consulting,2,commercial,industry-guide,50,19,Dallas-Fort Worth,candidate-awaiting-ahrefs-or-semrush-verification,dfw-business-process-automation-pricing,/services/;/pricing/;/blog/,https://calendly.com/operive/30min
kw_022,DFW business process automation near me,Process automation consulting,2,commercial,industry-guide,60,23,Dallas-Fort Worth,candidate-awaiting-ahrefs-or-semrush-verification,dfw-business-process-automation-near-me,/services/;/pricing/;/blog/,https://calendly.com/operive/30min
kw_023,DFW business process automation for small business,Process automation consulting,2,commercial-investigation,case-study,90,26,Dallas-Fort Worth,candidate-awaiting-ahrefs-or-semrush-verification,dfw-business-process-automation-for-small-business,/services/;/pricing/;/blog/,https://calendly.com/operive/30min
kw_024,DFW business process automation for restaurants,Process automation consulting,2,commercial-investigation,case-study,70,21,Dallas-Fort Worth,candidate-awaiting-ahrefs-or-semrush-verification,dfw-business-process-automation-for-restaurants,/services/;/pricing/;/blog/,https://calendly.com/operive/30min
kw_025,DFW business process automation for home services,Process automation consulting,2,commercial-investigation,case-study,60,23,Dallas-Fort Worth,candidate-awaiting-ahrefs-or-semrush-verification,dfw-business-process-automation-for-home-services,/services/;/pricing/;/blog/,https://calendly.com/operive/30min
kw_026,DFW business process automation for med spas,Process automation consulting,2,commercial-investigation,case-study,50,20,Dallas-Fort Worth,candidate-awaiting-ahrefs-or-semrush-verification,dfw-business-process-automation-for-med-spas,/services/;/pricing/;/blog/,https://calendly.com/operive/30min
kw_027,DFW business process automation for dental offices,Process automation consulting,2,commercial-investigation,case-study,50,20,Dallas-Fort Worth,candidate-awaiting-ahrefs-or-semrush-verification,dfw-business-process-automation-for-dental-offices,/services/;/pricing/;/blog/,https://calendly.com/operive/30min
kw_028,DFW business process automation workflow audit,Process automation consulting,2,commercial-investigation,how-to,50,17,Dallas-Fort Worth,candidate-awaiting-ahrefs-or-semrush-verification,dfw-business-process-automation-workflow-audit,/services/;/pricing/;/blog/,https://calendly.com/operive/30min
kw_029,DFW business process automation lead response,Process automation consulting,2,commercial-investigation,how-to,70,22,Dallas-Fort Worth,candidate-awaiting-ahrefs-or-semrush-verification,dfw-business-process-automation-lead-response,/services/;/pricing/;/blog/,https://calendly.com/operive/30min
kw_030,DFW business process automation intake automation,Process automation consulting,2,commercial-investigation,how-to,80,24,Dallas-Fort Worth,candidate-awaiting-ahrefs-or-semrush-verification,dfw-business-process-automation-intake-automation,/services/;/pricing/;/blog/,https://calendly.com/operive/30min
kw_031,automated workflow services Texas,Texas automation services,3,commercial,industry-guide,90,24,Texas,candidate-awaiting-ahrefs-or-semrush-verification,automated-workflow-services-texas,/services/;/pricing/;/blog/,https://calendly.com/operive/30min
kw_032,automated workflow services Texas company,Texas automation services,3,commercial,industry-guide,70,22,Texas,candidate-awaiting-ahrefs-or-semrush-verification,automated-workflow-services-texas-company,/services/;/pricing/;/blog/,https://calendly.com/operive/30min
kw_033,automated workflow services Texas consultant,Texas automation services,3,commercial,industry-guide,60,20,Texas,candidate-awaiting-ahrefs-or-semrush-verification,automated-workflow-services-texas-consultant,/services/;/pricing/;/blog/,https://calendly.com/operive/30min
kw_034,automated workflow services Texas agency,Texas automation services,3,commercial,industry-guide,80,25,Texas,candidate-awaiting-ahrefs-or-semrush-verification,automated-workflow-services-texas-agency,/services/;/pricing/;/blog/,https://calendly.com/operive/30min
kw_035,automated workflow services Texas implementation,Texas automation services,3,commercial-investigation,how-to,50,18,Texas,candidate-awaiting-ahrefs-or-semrush-verification,automated-workflow-services-texas-implementation,/services/;/pricing/;/blog/,https://calendly.com/operive/30min
kw_036,automated workflow services Texas pricing,Texas automation services,3,commercial,industry-guide,50,19,Texas,candidate-awaiting-ahrefs-or-semrush-verification,automated-workflow-services-texas-pricing,/services/;/pricing/;/blog/,https://calendly.com/operive/30min
kw_037,automated workflow services Texas near me,Texas automation services,3,commercial,industry-guide,60,23,Texas,candidate-awaiting-ahrefs-or-semrush-verification,automated-workflow-services-texas-near-me,/services/;/pricing/;/blog/,https://calendly.com/operive/30min
kw_038,automated workflow services Texas for small business,Texas automation services,3,commercial-investigation,case-study,90,26,Texas,candidate-awaiting-ahrefs-or-semrush-verification,automated-workflow-services-texas-for-small-business,/services/;/pricing/;/blog/,https://calendly.com/operive/30min
kw_039,automated workflow services Texas for restaurants,Texas automation services,3,commercial-investigation,case-study,70,21,Texas,candidate-awaiting-ahrefs-or-semrush-verification,automated-workflow-services-texas-for-restaurants,/services/;/pricing/;/blog/,https://calendly.com/operive/30min
kw_040,automated workflow services Texas for home services,Texas automation services,3,commercial-investigation,case-study,60,23,Texas,candidate-awaiting-ahrefs-or-semrush-verification,automated-workflow-services-texas-for-home-services,/services/;/pricing/;/blog/,https://calendly.com/operive/30min
kw_041,automated workflow services Texas for med spas,Texas automation services,3,commercial-investigation,case-study,50,20,Texas,candidate-awaiting-ahrefs-or-semrush-verification,automated-workflow-services-texas-for-med-spas,/services/;/pricing/;/blog/,https://calendly.com/operive/30min
kw_042,automated workflow services Texas for dental offices,Texas automation services,3,commercial-investigation,case-study,50,20,Texas,candidate-awaiting-ahrefs-or-semrush-verification,automated-workflow-services-texas-for-dental-offices,/services/;/pricing/;/blog/,https://calendly.com/operive/30min
kw_043,automated workflow services Texas workflow audit,Texas automation services,3,commercial-investigation,how-to,50,17,Texas,candidate-awaiting-ahrefs-or-semrush-verification,automated-workflow-services-texas-workflow-audit,/services/;/pricing/;/blog/,https://calendly.com/operive/30min
kw_044,automated workflow services Texas lead response,Texas automation services,3,commercial-investigation,how-to,70,22,Texas,candidate-awaiting-ahrefs-or-semrush-verification,automated-workflow-services-texas-lead-response,/services/;/pricing/;/blog/,https://calendly.com/operive/30min
kw_045,automated workflow services Texas intake automation,Texas automation services,3,commercial-investigation,how-to,80,24,Texas,candidate-awaiting-ahrefs-or-semrush-verification,automated-workflow-services-texas-intake-automation,/services/;/pricing/;/blog/,https://calendly.com/operive/30min
kw_046,AI front desk Dallas services,AI front desk,4,commercial,industry-guide,90,24,Dallas-Fort Worth,candidate-awaiting-ahrefs-or-semrush-verification,ai-front-desk-dallas-services,/services/;/pricing/;/blog/,https://calendly.com/operive/30min
kw_047,AI front desk Dallas company,AI front desk,4,commercial,industry-guide,70,22,Dallas-Fort Worth,candidate-awaiting-ahrefs-or-semrush-verification,ai-front-desk-dallas-company,/services/;/pricing/;/blog/,https://calendly.com/operive/30min
kw_048,AI front desk Dallas consultant,AI front desk,4,commercial,industry-guide,60,20,Dallas-Fort Worth,candidate-awaiting-ahrefs-or-semrush-verification,ai-front-desk-dallas-consultant,/services/;/pricing/;/blog/,https://calendly.com/operive/30min
kw_049,AI front desk Dallas agency,AI front desk,4,commercial,industry-guide,80,25,Dallas-Fort Worth,candidate-awaiting-ahrefs-or-semrush-verification,ai-front-desk-dallas-agency,/services/;/pricing/;/blog/,https://calendly.com/operive/30min
kw_050,AI front desk Dallas implementation,AI front desk,4,commercial-investigation,how-to,50,18,Dallas-Fort Worth,candidate-awaiting-ahrefs-or-semrush-verification,ai-front-desk-dallas-implementation,/services/;/pricing/;/blog/,https://calendly.com/operive/30min
kw_051,AI front desk Dallas pricing,AI front desk,4,commercial,industry-guide,50,19,Dallas-Fort Worth,candidate-awaiting-ahrefs-or-semrush-verification,ai-front-desk-dallas-pricing,/services/;/pricing/;/blog/,https://calendly.com/operive/30min
kw_052,AI front desk Dallas near me,AI front desk,4,commercial,industry-guide,60,23,Dallas-Fort Worth,candidate-awaiting-ahrefs-or-semrush-verification,ai-front-desk-dallas-near-me,/services/;/pricing/;/blog/,https://calendly.com/operive/30min
kw_053,AI front desk Dallas for small business,AI front desk,4,commercial-investigation,case-study,90,26,Dallas-Fort Worth,candidate-awaiting-ahrefs-or-semrush-verification,ai-front-desk-dallas-for-small-business,/services/;/pricing/;/blog/,https://calendly.com/operive/30min
kw_054,AI front desk Dallas for restaurants,AI front desk,4,commercial-investigation,case-study,70,21,Dallas-Fort Worth,candidate-awaiting-ahrefs-or-semrush-verification,ai-front-desk-dallas-for-restaurants,/services/;/pricing/;/blog/,https://calendly.com/operive/30min
kw_055,AI front desk Dallas for home services,AI front desk,4,commercial-investigation,case-study,60,23,Dallas-Fort Worth,candidate-awaiting-ahrefs-or-semrush-verification,ai-front-desk-dallas-for-home-services,/services/;/pricing/;/blog/,https://calendly.com/operive/30min
kw_056,AI front desk Dallas for med spas,AI front desk,4,commercial-investigation,case-study,50,20,Dallas-Fort Worth,candidate-awaiting-ahrefs-or-semrush-verification,ai-front-desk-dallas-for-med-spas,/services/;/pricing/;/blog/,https://calendly.com/operive/30min
kw_057,AI front desk Dallas for dental offices,AI front desk,4,commercial-investigation,case-study,50,20,Dallas-Fort Worth,candidate-awaiting-ahrefs-or-semrush-verification,ai-front-desk-dallas-for-dental-offices,/services/;/pricing/;/blog/,https://calendly.com/operive/30min
kw_058,AI front desk Dallas workflow audit,AI front desk,4,commercial-investigation,how-to,50,17,Dallas-Fort Worth,candidate-awaiting-ahrefs-or-semrush-verification,ai-front-desk-dallas-workflow-audit,/services/;/pricing/;/blog/,https://calendly.com/operive/30min
kw_059,AI front desk Dallas lead response,AI front desk,4,commercial-investigation,how-to,70,22,Dallas-Fort Worth,candidate-awaiting-ahrefs-or-semrush-verification,ai-front-desk-dallas-lead-response,/services/;/pricing/;/blog/,https://calendly.com/operive/30min
kw_060,AI front desk Dallas intake automation,AI front desk,4,commercial-investigation,how-to,80,24,Dallas-Fort Worth,candidate-awaiting-ahrefs-or-semrush-verification,ai-front-desk-dallas-intake-automation,/services/;/pricing/;/blog/,https://calendly.com/operive/30min
kw_061,missed call automation Dallas services,Missed call recovery,5,commercial,industry-guide,90,24,Dallas-Fort Worth,candidate-awaiting-ahrefs-or-semrush-verification,missed-call-automation-dallas-services,/services/;/pricing/;/blog/,https://calendly.com/operive/30min
kw_062,missed call automation Dallas company,Missed call recovery,5,commercial,industry-guide,70,22,Dallas-Fort Worth,candidate-awaiting-ahrefs-or-semrush-verification,missed-call-automation-dallas-company,/services/;/pricing/;/blog/,https://calendly.com/operive/30min
kw_063,missed call automation Dallas consultant,Missed call recovery,5,commercial,industry-guide,60,20,Dallas-Fort Worth,candidate-awaiting-ahrefs-or-semrush-verification,missed-call-automation-dallas-consultant,/services/;/pricing/;/blog/,https://calendly.com/operive/30min
kw_064,missed call automation Dallas agency,Missed call recovery,5,commercial,industry-guide,80,25,Dallas-Fort Worth,candidate-awaiting-ahrefs-or-semrush-verification,missed-call-automation-dallas-agency,/services/;/pricing/;/blog/,https://calendly.com/operive/30min
kw_065,missed call automation Dallas implementation,Missed call recovery,5,commercial-investigation,how-to,50,18,Dallas-Fort Worth,candidate-awaiting-ahrefs-or-semrush-verification,missed-call-automation-dallas-implementation,/services/;/pricing/;/blog/,https://calendly.com/operive/30min
kw_066,missed call automation Dallas pricing,Missed call recovery,5,commercial,industry-guide,50,19,Dallas-Fort Worth,candidate-awaiting-ahrefs-or-semrush-verification,missed-call-automation-dallas-pricing,/services/;/pricing/;/blog/,https://calendly.com/operive/30min
kw_067,missed call automation Dallas near me,Missed call recovery,5,commercial,industry-guide,60,23,Dallas-Fort Worth,candidate-awaiting-ahrefs-or-semrush-verification,missed-call-automation-dallas-near-me,/services/;/pricing/;/blog/,https://calendly.com/operive/30min
kw_068,missed call automation Dallas for small business,Missed call recovery,5,commercial-investigation,case-study,90,26,Dallas-Fort Worth,candidate-awaiting-ahrefs-or-semrush-verification,missed-call-automation-dallas-for-small-business,/services/;/pricing/;/blog/,https://calendly.com/operive/30min
kw_069,missed call automation Dallas for restaurants,Missed call recovery,5,commercial-investigation,case-study,70,21,Dallas-Fort Worth,candidate-awaiting-ahrefs-or-semrush-verification,missed-call-automation-dallas-for-restaurants,/services/;/pricing/;/blog/,https://calendly.com/operive/30min
kw_070,missed call automation Dallas for home services,Missed call recovery,5,commercial-investigation,case-study,60,23,Dallas-Fort Worth,candidate-awaiting-ahrefs-or-semrush-verification,missed-call-automation-dallas-for-home-services,/services/;/pricing/;/blog/,https://calendly.com/operive/30min
kw_071,missed call automation Dallas for med spas,Missed call recovery,5,commercial-investigation,case-study,50,20,Dallas-Fort Worth,candidate-awaiting-ahrefs-or-semrush-verification,missed-call-automation-dallas-for-med-spas,/services/;/pricing/;/blog/,https://calendly.com/operive/30min
kw_072,missed call automation Dallas for dental offices,Missed call recovery,5,commercial-investigation,case-study,50,20,Dallas-Fort Worth,candidate-awaiting-ahrefs-or-semrush-verification,missed-call-automation-dallas-for-dental-offices,/services/;/pricing/;/blog/,https://calendly.com/operive/30min
kw_073,missed call automation Dallas workflow audit,Missed call recovery,5,commercial-investigation,how-to,50,17,Dallas-Fort Worth,candidate-awaiting-ahrefs-or-semrush-verification,missed-call-automation-dallas-workflow-audit,/services/;/pricing/;/blog/,https://calendly.com/operive/30min
kw_074,missed call automation Dallas lead response,Missed call recovery,5,commercial-investigation,how-to,70,22,Dallas-Fort Worth,candidate-awaiting-ahrefs-or-semrush-verification,missed-call-automation-dallas-lead-response,/services/;/pricing/;/blog/,https://calendly.com/operive/30min
kw_075,missed call automation Dallas intake automation,Missed call recovery,5,commercial-investigation,how-to,80,24,Dallas-Fort Worth,candidate-awaiting-ahrefs-or-semrush-verification,missed-call-automation-dallas-intake-automation,/services/;/pricing/;/blog/,https://calendly.com/operive/30min
kw_076,WhatsApp automation Dallas services,Messaging automation,6,commercial,industry-guide,90,24,Dallas-Fort Worth,candidate-awaiting-ahrefs-or-semrush-verification,whatsapp-automation-dallas-services,/services/;/pricing/;/blog/,https://calendly.com/operive/30min
kw_077,WhatsApp automation Dallas company,Messaging automation,6,commercial,industry-guide,70,22,Dallas-Fort Worth,candidate-awaiting-ahrefs-or-semrush-verification,whatsapp-automation-dallas-company,/services/;/pricing/;/blog/,https://calendly.com/operive/30min
kw_078,WhatsApp automation Dallas consultant,Messaging automation,6,commercial,industry-guide,60,20,Dallas-Fort Worth,candidate-awaiting-ahrefs-or-semrush-verification,whatsapp-automation-dallas-consultant,/services/;/pricing/;/blog/,https://calendly.com/operive/30min
kw_079,WhatsApp automation Dallas agency,Messaging automation,6,commercial,industry-guide,80,25,Dallas-Fort Worth,candidate-awaiting-ahrefs-or-semrush-verification,whatsapp-automation-dallas-agency,/services/;/pricing/;/blog/,https://calendly.com/operive/30min
kw_080,WhatsApp automation Dallas implementation,Messaging automation,6,commercial-investigation,how-to,50,18,Dallas-Fort Worth,candidate-awaiting-ahrefs-or-semrush-verification,whatsapp-automation-dallas-implementation,/services/;/pricing/;/blog/,https://calendly.com/operive/30min
kw_081,WhatsApp automation Dallas pricing,Messaging automation,6,commercial,industry-guide,50,19,Dallas-Fort Worth,candidate-awaiting-ahrefs-or-semrush-verification,whatsapp-automation-dallas-pricing,/services/;/pricing/;/blog/,https://calendly.com/operive/30min
kw_082,WhatsApp automation Dallas near me,Messaging automation,6,commercial,industry-guide,60,23,Dallas-Fort Worth,candidate-awaiting-ahrefs-or-semrush-verification,whatsapp-automation-dallas-near-me,/services/;/pricing/;/blog/,https://calendly.com/operive/30min
kw_083,WhatsApp automation Dallas for small business,Messaging automation,6,commercial-investigation,case-study,90,26,Dallas-Fort Worth,candidate-awaiting-ahrefs-or-semrush-verification,whatsapp-automation-dallas-for-small-business,/services/;/pricing/;/blog/,https://calendly.com/operive/30min
kw_084,WhatsApp automation Dallas for restaurants,Messaging automation,6,commercial-investigation,case-study,70,21,Dallas-Fort Worth,candidate-awaiting-ahrefs-or-semrush-verification,whatsapp-automation-dallas-for-restaurants,/services/;/pricing/;/blog/,https://calendly.com/operive/30min
kw_085,WhatsApp automation Dallas for home services,Messaging automation,6,commercial-investigation,case-study,60,23,Dallas-Fort Worth,candidate-awaiting-ahrefs-or-semrush-verification,whatsapp-automation-dallas-for-home-services,/services/;/pricing/;/blog/,https://calendly.com/operive/30min
kw_086,WhatsApp automation Dallas for med spas,Messaging automation,6,commercial-investigation,case-study,50,20,Dallas-Fort Worth,candidate-awaiting-ahrefs-or-semrush-verification,whatsapp-automation-dallas-for-med-spas,/services/;/pricing/;/blog/,https://calendly.com/operive/30min
kw_087,WhatsApp automation Dallas for dental offices,Messaging automation,6,commercial-investigation,case-study,50,20,Dallas-Fort Worth,candidate-awaiting-ahrefs-or-semrush-verification,whatsapp-automation-dallas-for-dental-offices,/services/;/pricing/;/blog/,https://calendly.com/operive/30min
kw_088,WhatsApp automation Dallas workflow audit,Messaging automation,6,commercial-investigation,how-to,50,17,Dallas-Fort Worth,candidate-awaiting-ahrefs-or-semrush-verification,whatsapp-automation-dallas-workflow-audit,/services/;/pricing/;/blog/,https://calendly.com/operive/30min
kw_089,WhatsApp automation Dallas lead response,Messaging automation,6,commercial-investigation,how-to,70,22,Dallas-Fort Worth,candidate-awaiting-ahrefs-or-semrush-verification,whatsapp-automation-dallas-lead-response,/services/;/pricing/;/blog/,https://calendly.com/operive/30min
kw_090,WhatsApp automation Dallas intake automation,Messaging automation,6,commercial-investigation,how-to,80,24,Dallas-Fort Worth,candidate-awaiting-ahrefs-or-semrush-verification,whatsapp-automation-dallas-intake-automation,/services/;/pricing/;/blog/,https://calendly.com/operive/30min
kw_091,restaurant automation DFW services,Restaurant intake,7,commercial,industry-guide,90,24,Dallas-Fort Worth,candidate-awaiting-ahrefs-or-semrush-verification,restaurant-automation-dfw-services,/services/;/pricing/;/blog/,https://calendly.com/operive/30min
kw_092,restaurant automation DFW company,Restaurant intake,7,commercial,industry-guide,70,22,Dallas-Fort Worth,candidate-awaiting-ahrefs-or-semrush-verification,restaurant-automation-dfw-company,/services/;/pricing/;/blog/,https://calendly.com/operive/30min
kw_093,restaurant automation DFW consultant,Restaurant intake,7,commercial,industry-guide,60,20,Dallas-Fort Worth,candidate-awaiting-ahrefs-or-semrush-verification,restaurant-automation-dfw-consultant,/services/;/pricing/;/blog/,https://calendly.com/operive/30min
kw_094,restaurant automation DFW agency,Restaurant intake,7,commercial,industry-guide,80,25,Dallas-Fort Worth,candidate-awaiting-ahrefs-or-semrush-verification,restaurant-automation-dfw-agency,/services/;/pricing/;/blog/,https://calendly.com/operive/30min
kw_095,restaurant automation DFW implementation,Restaurant intake,7,commercial-investigation,how-to,50,18,Dallas-Fort Worth,candidate-awaiting-ahrefs-or-semrush-verification,restaurant-automation-dfw-implementation,/services/;/pricing/;/blog/,https://calendly.com/operive/30min
kw_096,restaurant automation DFW pricing,Restaurant intake,7,commercial,industry-guide,50,19,Dallas-Fort Worth,candidate-awaiting-ahrefs-or-semrush-verification,restaurant-automation-dfw-pricing,/services/;/pricing/;/blog/,https://calendly.com/operive/30min
kw_097,restaurant automation DFW near me,Restaurant intake,7,commercial,industry-guide,60,23,Dallas-Fort Worth,candidate-awaiting-ahrefs-or-semrush-verification,restaurant-automation-dfw-near-me,/services/;/pricing/;/blog/,https://calendly.com/operive/30min
kw_098,restaurant automation DFW for small business,Restaurant intake,7,commercial-investigation,case-study,90,26,Dallas-Fort Worth,candidate-awaiting-ahrefs-or-semrush-verification,restaurant-automation-dfw-for-small-business,/services/;/pricing/;/blog/,https://calendly.com/operive/30min
kw_099,restaurant automation DFW for restaurants,Restaurant intake,7,commercial-investigation,case-study,70,21,Dallas-Fort Worth,candidate-awaiting-ahrefs-or-semrush-verification,restaurant-automation-dfw-for-restaurants,/services/;/pricing/;/blog/,https://calendly.com/operive/30min
kw_100,restaurant automation DFW for home services,Restaurant intake,7,commercial-investigation,case-study,60,23,Dallas-Fort Worth,candidate-awaiting-ahrefs-or-semrush-verification,restaurant-automation-dfw-for-home-services,/services/;/pricing/;/blog/,https://calendly.com/operive/30min
kw_101,restaurant automation DFW for med spas,Restaurant intake,7,commercial-investigation,case-study,50,20,Dallas-Fort Worth,candidate-awaiting-ahrefs-or-semrush-verification,restaurant-automation-dfw-for-med-spas,/services/;/pricing/;/blog/,https://calendly.com/operive/30min
kw_102,restaurant automation DFW for dental offices,Restaurant intake,7,commercial-investigation,case-study,50,20,Dallas-Fort Worth,candidate-awaiting-ahrefs-or-semrush-verification,restaurant-automation-dfw-for-dental-offices,/services/;/pricing/;/blog/,https://calendly.com/operive/30min
kw_103,restaurant automation DFW workflow audit,Restaurant intake,7,commercial-investigation,how-to,50,17,Dallas-Fort Worth,candidate-awaiting-ahrefs-or-semrush-verification,restaurant-automation-dfw-workflow-audit,/services/;/pricing/;/blog/,https://calendly.com/operive/30min
kw_104,restaurant automation DFW lead response,Restaurant intake,7,commercial-investigation,how-to,70,22,Dallas-Fort Worth,candidate-awaiting-ahrefs-or-semrush-verification,restaurant-automation-dfw-lead-response,/services/;/pricing/;/blog/,https://calendly.com/operive/30min
kw_105,restaurant automation DFW intake automation,Restaurant intake,7,commercial-investigation,how-to,80,24,Dallas-Fort Worth,candidate-awaiting-ahrefs-or-semrush-verification,restaurant-automation-dfw-intake-automation,/services/;/pricing/;/blog/,https://calendly.com/operive/30min
kw_106,home services automation Dallas,Home services intake,8,commercial,industry-guide,90,24,Dallas-Fort Worth,candidate-awaiting-ahrefs-or-semrush-verification,home-services-automation-dallas,/services/;/pricing/;/blog/,https://calendly.com/operive/30min
kw_107,home services automation Dallas company,Home services intake,8,commercial,industry-guide,70,22,Dallas-Fort Worth,candidate-awaiting-ahrefs-or-semrush-verification,home-services-automation-dallas-company,/services/;/pricing/;/blog/,https://calendly.com/operive/30min
kw_108,home services automation Dallas consultant,Home services intake,8,commercial,industry-guide,60,20,Dallas-Fort Worth,candidate-awaiting-ahrefs-or-semrush-verification,home-services-automation-dallas-consultant,/services/;/pricing/;/blog/,https://calendly.com/operive/30min
kw_109,home services automation Dallas agency,Home services intake,8,commercial,industry-guide,80,25,Dallas-Fort Worth,candidate-awaiting-ahrefs-or-semrush-verification,home-services-automation-dallas-agency,/services/;/pricing/;/blog/,https://calendly.com/operive/30min
kw_110,home services automation Dallas implementation,Home services intake,8,commercial-investigation,how-to,50,18,Dallas-Fort Worth,candidate-awaiting-ahrefs-or-semrush-verification,home-services-automation-dallas-implementation,/services/;/pricing/;/blog/,https://calendly.com/operive/30min
kw_111,home services automation Dallas pricing,Home services intake,8,commercial,industry-guide,50,19,Dallas-Fort Worth,candidate-awaiting-ahrefs-or-semrush-verification,home-services-automation-dallas-pricing,/services/;/pricing/;/blog/,https://calendly.com/operive/30min
kw_112,home services automation Dallas near me,Home services intake,8,commercial,industry-guide,60,23,Dallas-Fort Worth,candidate-awaiting-ahrefs-or-semrush-verification,home-services-automation-dallas-near-me,/services/;/pricing/;/blog/,https://calendly.com/operive/30min
kw_113,home services automation Dallas for small business,Home services intake,8,commercial-investigation,case-study,90,26,Dallas-Fort Worth,candidate-awaiting-ahrefs-or-semrush-verification,home-services-automation-dallas-for-small-business,/services/;/pricing/;/blog/,https://calendly.com/operive/30min
kw_114,home services automation Dallas for restaurants,Home services intake,8,commercial-investigation,case-study,70,21,Dallas-Fort Worth,candidate-awaiting-ahrefs-or-semrush-verification,home-services-automation-dallas-for-restaurants,/services/;/pricing/;/blog/,https://calendly.com/operive/30min
kw_115,home services automation Dallas for home services,Home services intake,8,commercial-investigation,case-study,60,23,Dallas-Fort Worth,candidate-awaiting-ahrefs-or-semrush-verification,home-services-automation-dallas-for-home-services,/services/;/pricing/;/blog/,https://calendly.com/operive/30min
kw_116,home services automation Dallas for med spas,Home services intake,8,commercial-investigation,case-study,50,20,Dallas-Fort Worth,candidate-awaiting-ahrefs-or-semrush-verification,home-services-automation-dallas-for-med-spas,/services/;/pricing/;/blog/,https://calendly.com/operive/30min
kw_117,home services automation Dallas for dental offices,Home services intake,8,commercial-investigation,case-study,50,20,Dallas-Fort Worth,candidate-awaiting-ahrefs-or-semrush-verification,home-services-automation-dallas-for-dental-offices,/services/;/pricing/;/blog/,https://calendly.com/operive/30min
kw_118,home services automation Dallas workflow audit,Home services intake,8,commercial-investigation,how-to,50,17,Dallas-Fort Worth,candidate-awaiting-ahrefs-or-semrush-verification,home-services-automation-dallas-workflow-audit,/services/;/pricing/;/blog/,https://calendly.com/operive/30min
kw_119,home services automation Dallas lead response,Home services intake,8,commercial-investigation,how-to,70,22,Dallas-Fort Worth,candidate-awaiting-ahrefs-or-semrush-verification,home-services-automation-dallas-lead-response,/services/;/pricing/;/blog/,https://calendly.com/operive/30min
kw_120,home services automation Dallas intake automation,Home services intake,8,commercial-investigation,how-to,80,24,Dallas-Fort Worth,candidate-awaiting-ahrefs-or-semrush-verification,home-services-automation-dallas-intake-automation,/services/;/pricing/;/blog/,https://calendly.com/operive/30min
kw_121,CRM follow up automation Dallas services,CRM/follow-up,9,commercial,industry-guide,90,24,Dallas-Fort Worth,candidate-awaiting-ahrefs-or-semrush-verification,crm-follow-up-automation-dallas-services,/services/;/pricing/;/blog/,https://calendly.com/operive/30min
kw_122,CRM follow up automation Dallas company,CRM/follow-up,9,commercial,industry-guide,70,22,Dallas-Fort Worth,candidate-awaiting-ahrefs-or-semrush-verification,crm-follow-up-automation-dallas-company,/services/;/pricing/;/blog/,https://calendly.com/operive/30min
kw_123,CRM follow up automation Dallas consultant,CRM/follow-up,9,commercial,industry-guide,60,20,Dallas-Fort Worth,candidate-awaiting-ahrefs-or-semrush-verification,crm-follow-up-automation-dallas-consultant,/services/;/pricing/;/blog/,https://calendly.com/operive/30min
kw_124,CRM follow up automation Dallas agency,CRM/follow-up,9,commercial,industry-guide,80,25,Dallas-Fort Worth,candidate-awaiting-ahrefs-or-semrush-verification,crm-follow-up-automation-dallas-agency,/services/;/pricing/;/blog/,https://calendly.com/operive/30min
kw_125,CRM follow up automation Dallas implementation,CRM/follow-up,9,commercial-investigation,how-to,50,18,Dallas-Fort Worth,candidate-awaiting-ahrefs-or-semrush-verification,crm-follow-up-automation-dallas-implementation,/services/;/pricing/;/blog/,https://calendly.com/operive/30min
kw_126,CRM follow up automation Dallas pricing,CRM/follow-up,9,commercial,industry-guide,50,19,Dallas-Fort Worth,candidate-awaiting-ahrefs-or-semrush-verification,crm-follow-up-automation-dallas-pricing,/services/;/pricing/;/blog/,https://calendly.com/operive/30min
kw_127,CRM follow up automation Dallas near me,CRM/follow-up,9,commercial,industry-guide,60,23,Dallas-Fort Worth,candidate-awaiting-ahrefs-or-semrush-verification,crm-follow-up-automation-dallas-near-me,/services/;/pricing/;/blog/,https://calendly.com/operive/30min
kw_128,CRM follow up automation Dallas for small business,CRM/follow-up,9,commercial-investigation,case-study,90,26,Dallas-Fort Worth,candidate-awaiting-ahrefs-or-semrush-verification,crm-follow-up-automation-dallas-for-small-business,/services/;/pricing/;/blog/,https://calendly.com/operive/30min
kw_129,CRM follow up automation Dallas for restaurants,CRM/follow-up,9,commercial-investigation,case-study,70,21,Dallas-Fort Worth,candidate-awaiting-ahrefs-or-semrush-verification,crm-follow-up-automation-dallas-for-restaurants,/services/;/pricing/;/blog/,https://calendly.com/operive/30min
kw_130,CRM follow up automation Dallas for home services,CRM/follow-up,9,commercial-investigation,case-study,60,23,Dallas-Fort Worth,candidate-awaiting-ahrefs-or-semrush-verification,crm-follow-up-automation-dallas-for-home-services,/services/;/pricing/;/blog/,https://calendly.com/operive/30min
kw_131,CRM follow up automation Dallas for med spas,CRM/follow-up,9,commercial-investigation,case-study,50,20,Dallas-Fort Worth,candidate-awaiting-ahrefs-or-semrush-verification,crm-follow-up-automation-dallas-for-med-spas,/services/;/pricing/;/blog/,https://calendly.com/operive/30min
kw_132,CRM follow up automation Dallas for dental offices,CRM/follow-up,9,commercial-investigation,case-study,50,20,Dallas-Fort Worth,candidate-awaiting-ahrefs-or-semrush-verification,crm-follow-up-automation-dallas-for-dental-offices,/services/;/pricing/;/blog/,https://calendly.com/operive/30min
kw_133,CRM follow up automation Dallas workflow audit,CRM/follow-up,9,commercial-investigation,how-to,50,17,Dallas-Fort Worth,candidate-awaiting-ahrefs-or-semrush-verification,crm-follow-up-automation-dallas-workflow-audit,/services/;/pricing/;/blog/,https://calendly.com/operive/30min
kw_134,CRM follow up automation Dallas lead response,CRM/follow-up,9,commercial-investigation,how-to,70,22,Dallas-Fort Worth,candidate-awaiting-ahrefs-or-semrush-verification,crm-follow-up-automation-dallas-lead-response,/services/;/pricing/;/blog/,https://calendly.com/operive/30min
kw_135,CRM follow up automation Dallas intake automation,CRM/follow-up,9,commercial-investigation,how-to,80,24,Dallas-Fort Worth,candidate-awaiting-ahrefs-or-semrush-verification,crm-follow-up-automation-dallas-intake-automation,/services/;/pricing/;/blog/,https://calendly.com/operive/30min
kw_136,lead capture automation Fort Worth services,Fort Worth lead capture,10,commercial,industry-guide,90,24,Dallas-Fort Worth,candidate-awaiting-ahrefs-or-semrush-verification,lead-capture-automation-fort-worth-services,/services/;/pricing/;/blog/,https://calendly.com/operive/30min
kw_137,lead capture automation Fort Worth company,Fort Worth lead capture,10,commercial,industry-guide,70,22,Dallas-Fort Worth,candidate-awaiting-ahrefs-or-semrush-verification,lead-capture-automation-fort-worth-company,/services/;/pricing/;/blog/,https://calendly.com/operive/30min
kw_138,lead capture automation Fort Worth consultant,Fort Worth lead capture,10,commercial,industry-guide,60,20,Dallas-Fort Worth,candidate-awaiting-ahrefs-or-semrush-verification,lead-capture-automation-fort-worth-consultant,/services/;/pricing/;/blog/,https://calendly.com/operive/30min
kw_139,lead capture automation Fort Worth agency,Fort Worth lead capture,10,commercial,industry-guide,80,25,Dallas-Fort Worth,candidate-awaiting-ahrefs-or-semrush-verification,lead-capture-automation-fort-worth-agency,/services/;/pricing/;/blog/,https://calendly.com/operive/30min
kw_140,lead capture automation Fort Worth implementation,Fort Worth lead capture,10,commercial-investigation,how-to,50,18,Dallas-Fort Worth,candidate-awaiting-ahrefs-or-semrush-verification,lead-capture-automation-fort-worth-implementation,/services/;/pricing/;/blog/,https://calendly.com/operive/30min
kw_141,lead capture automation Fort Worth pricing,Fort Worth lead capture,10,commercial,industry-guide,50,19,Dallas-Fort Worth,candidate-awaiting-ahrefs-or-semrush-verification,lead-capture-automation-fort-worth-pricing,/services/;/pricing/;/blog/,https://calendly.com/operive/30min
kw_142,lead capture automation Fort Worth near me,Fort Worth lead capture,10,commercial,industry-guide,60,23,Dallas-Fort Worth,candidate-awaiting-ahrefs-or-semrush-verification,lead-capture-automation-fort-worth-near-me,/services/;/pricing/;/blog/,https://calendly.com/operive/30min
kw_143,lead capture automation Fort Worth for small business,Fort Worth lead capture,10,commercial-investigation,case-study,90,26,Dallas-Fort Worth,candidate-awaiting-ahrefs-or-semrush-verification,lead-capture-automation-fort-worth-for-small-business,/services/;/pricing/;/blog/,https://calendly.com/operive/30min
kw_144,lead capture automation Fort Worth for restaurants,Fort Worth lead capture,10,commercial-investigation,case-study,70,21,Dallas-Fort Worth,candidate-awaiting-ahrefs-or-semrush-verification,lead-capture-automation-fort-worth-for-restaurants,/services/;/pricing/;/blog/,https://calendly.com/operive/30min
kw_145,lead capture automation Fort Worth for home services,Fort Worth lead capture,10,commercial-investigation,case-study,60,23,Dallas-Fort Worth,candidate-awaiting-ahrefs-or-semrush-verification,lead-capture-automation-fort-worth-for-home-services,/services/;/pricing/;/blog/,https://calendly.com/operive/30min
kw_146,lead capture automation Fort Worth for med spas,Fort Worth lead capture,10,commercial-investigation,case-study,50,20,Dallas-Fort Worth,candidate-awaiting-ahrefs-or-semrush-verification,lead-capture-automation-fort-worth-for-med-spas,/services/;/pricing/;/blog/,https://calendly.com/operive/30min
kw_147,lead capture automation Fort Worth for dental offices,Fort Worth lead capture,10,commercial-investigation,case-study,50,20,Dallas-Fort Worth,candidate-awaiting-ahrefs-or-semrush-verification,lead-capture-automation-fort-worth-for-dental-offices,/services/;/pricing/;/blog/,https://calendly.com/operive/30min
kw_148,lead capture automation Fort Worth workflow audit,Fort Worth lead capture,10,commercial-investigation,how-to,50,17,Dallas-Fort Worth,candidate-awaiting-ahrefs-or-semrush-verification,lead-capture-automation-fort-worth-workflow-audit,/services/;/pricing/;/blog/,https://calendly.com/operive/30min
kw_149,lead capture automation Fort Worth lead response,Fort Worth lead capture,10,commercial-investigation,how-to,70,22,Dallas-Fort Worth,candidate-awaiting-ahrefs-or-semrush-verification,lead-capture-automation-fort-worth-lead-response,/services/;/pricing/;/blog/,https://calendly.com/operive/30min
kw_150,lead capture automation Fort Worth intake automation,Fort Worth lead capture,10,commercial-investigation,how-to,80,24,Dallas-Fort Worth,candidate-awaiting-ahrefs-or-semrush-verification,lead-capture-automation-fort-worth-intake-automation,/services/;/pricing/;/blog/,https://calendly.com/operive/30min
