publish_date,keyword_id,primary_keyword,slug,url,status,gsc_indexing_status,notes
2026-07-16,kw_001,AI workflow automation Dallas services,ai-workflow-automation-dallas-services,https://www.operive.com/blog/ai-workflow-automation-dallas-services/,published-live,not-submitted-no-gsc-access,"English, Spanish, and Arabic pages are live and verified with Article schema, hreflang, internal links, external authority link, CTA, and image alt text."
2026-07-17,kw_002,AI workflow automation Dallas company,ai-workflow-automation-dallas-company,https://www.operive.com/blog/ai-workflow-automation-dallas-company/,published-live,not-submitted-no-gsc-access,"English, Spanish, and Arabic pages are live and verified with Article schema, hreflang, internal links, external authority link, CTA, and image alt text."
2026-07-18,kw_003,AI workflow automation Dallas consultant,ai-workflow-automation-dallas-consultant,https://www.operive.com/blog/ai-workflow-automation-dallas-consultant/,published-live,not-submitted-no-gsc-access,"English, Spanish, and Arabic pages are live and verified with Article schema, hreflang, internal links, external authority link, CTA, and image alt text."
2026-07-19,kw_004,AI workflow automation Dallas agency,ai-workflow-automation-dallas-agency,https://www.operive.com/blog/ai-workflow-automation-dallas-agency/,published-live,not-submitted-no-gsc-access,"English, Spanish, and Arabic pages are live and verified with Article schema, hreflang, internal links, external authority link, CTA, and image alt text."
2026-07-20,kw_005,AI workflow automation Dallas implementation,ai-workflow-automation-dallas-implementation,https://www.operive.com/blog/ai-workflow-automation-dallas-implementation/,published-live,not-submitted-no-gsc-access,"English, Spanish, and Arabic pages are live and verified with Article schema, hreflang, internal links, external authority link, CTA, and image alt text."
2026-07-21,kw_006,AI workflow automation Dallas pricing,ai-workflow-automation-dallas-pricing,https://www.operive.com/blog/ai-workflow-automation-dallas-pricing/,published-live,not-submitted-no-gsc-access,"English, Spanish, and Arabic pages are live and verified with Article schema, hreflang, internal links, external authority link, CTA, and image alt text."
2026-07-22,kw_007,AI workflow automation Dallas near me,ai-workflow-automation-dallas-near-me,https://www.operive.com/blog/ai-workflow-automation-dallas-near-me/,published-live,not-submitted-no-gsc-access,"English, Spanish, and Arabic pages are live and verified with Article schema, hreflang, internal links, external authority link, CTA, and image alt text."
2026-07-23,kw_008,AI workflow automation Dallas for small business,ai-workflow-automation-dallas-for-small-business,https://www.operive.com/blog/ai-workflow-automation-dallas-for-small-business/,published-live,not-submitted-no-gsc-access,"English, Spanish, and Arabic pages are live and verified with Article schema, hreflang, internal links, external authority link, CTA, and image alt text."
2026-07-24,kw_009,AI workflow automation Dallas for restaurants,ai-workflow-automation-dallas-for-restaurants,https://www.operive.com/blog/ai-workflow-automation-dallas-for-restaurants/,published-live,not-submitted-no-gsc-access,"English, Spanish, and Arabic pages are live and verified with Article schema, hreflang, internal links, external authority link, CTA, and image alt text."
2026-07-25,kw_010,AI workflow automation Dallas for home services,ai-workflow-automation-dallas-for-home-services,https://www.operive.com/blog/ai-workflow-automation-dallas-for-home-services/,published-live,not-submitted-no-gsc-access,"English, Spanish, and Arabic pages are live and verified with Article schema, hreflang, internal links, external authority link, CTA, and image alt text."
2026-07-26,kw_011,AI workflow automation Dallas for med spas,ai-workflow-automation-dallas-for-med-spas,https://www.operive.com/blog/ai-workflow-automation-dallas-for-med-spas/,published-live,not-submitted-no-gsc-access,"English, Spanish, and Arabic pages are live and verified with Article schema, hreflang, internal links, external authority link, CTA, and image alt text."
2026-07-27,kw_012,AI workflow automation Dallas for dental offices,ai-workflow-automation-dallas-for-dental-offices,https://www.operive.com/blog/ai-workflow-automation-dallas-for-dental-offices/,published-live,not-submitted-no-gsc-access,"English, Spanish, and Arabic pages are live and verified with Article schema, hreflang, internal links, external authority link, CTA, and image alt text."
2026-07-28,kw_013,AI workflow automation Dallas workflow audit,ai-workflow-automation-dallas-workflow-audit,https://www.operive.com/blog/ai-workflow-automation-dallas-workflow-audit/,published-live,not-submitted-no-gsc-access,"English, Spanish, and Arabic pages are live and verified with Article schema, hreflang, internal links, external authority link, CTA, and image alt text."
2026-07-29,kw_014,AI workflow automation Dallas lead response,ai-workflow-automation-dallas-lead-response,https://www.operive.com/blog/ai-workflow-automation-dallas-lead-response/,published-live,not-submitted-no-gsc-access,"English, Spanish, and Arabic pages are live and verified with Article schema, hreflang, internal links, external authority link, CTA, and image alt text."
2026-07-30,kw_015,AI workflow automation Dallas intake automation,ai-workflow-automation-dallas-intake-automation,https://www.operive.com/blog/ai-workflow-automation-dallas-intake-automation/,published-live,not-submitted-no-gsc-access,"English, Spanish, and Arabic pages are live and verified with Article schema, hreflang, internal links, external authority link, CTA, and image alt text."
2026-07-31,kw_016,DFW business process automation services,dfw-business-process-automation-services,https://www.operive.com/blog/dfw-business-process-automation-services/,published-live,not-submitted-no-gsc-access,"English, Spanish, and Arabic pages are live and verified with Article schema, hreflang, internal links, external authority link, CTA, and image alt text."
2026-08-01,kw_017,DFW business process automation company,dfw-business-process-automation-company,https://www.operive.com/blog/dfw-business-process-automation-company/,published-live,not-submitted-no-gsc-access,"English, Spanish, and Arabic pages are live and verified with Article schema, hreflang, internal links, external authority link, CTA, and image alt text."
2026-08-02,kw_018,DFW business process automation consultant,dfw-business-process-automation-consultant,https://www.operive.com/blog/dfw-business-process-automation-consultant/,published-live,not-submitted-no-gsc-access,"English, Spanish, and Arabic pages are live and verified with Article schema, hreflang, internal links, external authority link, CTA, and image alt text."
2026-08-03,kw_019,DFW business process automation agency,dfw-business-process-automation-agency,https://www.operive.com/blog/dfw-business-process-automation-agency/,published-live,not-submitted-no-gsc-access,"English, Spanish, and Arabic pages are live and verified with Article schema, hreflang, internal links, external authority link, CTA, and image alt text."
2026-08-04,kw_020,DFW business process automation implementation,dfw-business-process-automation-implementation,https://www.operive.com/blog/dfw-business-process-automation-implementation/,published-live,not-submitted-no-gsc-access,"English, Spanish, and Arabic pages are live and verified with Article schema, hreflang, internal links, external authority link, CTA, and image alt text."
2026-08-05,kw_021,DFW business process automation pricing,dfw-business-process-automation-pricing,https://www.operive.com/blog/dfw-business-process-automation-pricing/,published-live,not-submitted-no-gsc-access,"English, Spanish, and Arabic pages are live and verified with Article schema, hreflang, internal links, external authority link, CTA, and image alt text."
2026-08-06,kw_022,DFW business process automation near me,dfw-business-process-automation-near-me,https://www.operive.com/blog/dfw-business-process-automation-near-me/,published-live,not-submitted-no-gsc-access,"English, Spanish, and Arabic pages are live and verified with Article schema, hreflang, internal links, external authority link, CTA, and image alt text."
2026-08-07,kw_023,DFW business process automation for small business,dfw-business-process-automation-for-small-business,https://www.operive.com/blog/dfw-business-process-automation-for-small-business/,published-live,not-submitted-no-gsc-access,"English, Spanish, and Arabic pages are live and verified with Article schema, hreflang, internal links, external authority link, CTA, and image alt text."
2026-08-08,kw_024,DFW business process automation for restaurants,dfw-business-process-automation-for-restaurants,https://www.operive.com/blog/dfw-business-process-automation-for-restaurants/,published-live,not-submitted-no-gsc-access,"English, Spanish, and Arabic pages are live and verified with Article schema, hreflang, internal links, external authority link, CTA, and image alt text."
2026-08-09,kw_025,DFW business process automation for home services,dfw-business-process-automation-for-home-services,https://www.operive.com/blog/dfw-business-process-automation-for-home-services/,published-live,not-submitted-no-gsc-access,"English, Spanish, and Arabic pages are live and verified with Article schema, hreflang, internal links, external authority link, CTA, and image alt text."
2026-08-10,kw_026,DFW business process automation for med spas,dfw-business-process-automation-for-med-spas,https://www.operive.com/blog/dfw-business-process-automation-for-med-spas/,published-live,not-submitted-no-gsc-access,"English, Spanish, and Arabic pages are live and verified with Article schema, hreflang, internal links, external authority link, CTA, and image alt text."
2026-08-11,kw_027,DFW business process automation for dental offices,dfw-business-process-automation-for-dental-offices,https://www.operive.com/blog/dfw-business-process-automation-for-dental-offices/,published-live,not-submitted-no-gsc-access,"English, Spanish, and Arabic pages are live and verified with Article schema, hreflang, internal links, external authority link, CTA, and image alt text."
2026-08-12,kw_028,DFW business process automation workflow audit,dfw-business-process-automation-workflow-audit,https://www.operive.com/blog/dfw-business-process-automation-workflow-audit/,published-live,not-submitted-no-gsc-access,"English, Spanish, and Arabic pages are live and verified with Article schema, hreflang, internal links, external authority link, CTA, and image alt text."
2026-08-13,kw_029,DFW business process automation lead response,dfw-business-process-automation-lead-response,https://www.operive.com/blog/dfw-business-process-automation-lead-response/,published-live,not-submitted-no-gsc-access,"English, Spanish, and Arabic pages are live and verified with Article schema, hreflang, internal links, external authority link, CTA, and image alt text."
2026-08-14,kw_030,DFW business process automation intake automation,dfw-business-process-automation-intake-automation,https://www.operive.com/blog/dfw-business-process-automation-intake-automation/,published-live,not-submitted-no-gsc-access,"English, Spanish, and Arabic pages are live and verified with Article schema, hreflang, internal links, external authority link, CTA, and image alt text."
