slug,primary_keyword,segment,publish_date,status
missed-call-text-back-dallas-restaurants,missed call text back Dallas restaurants,restaurants,2026-07-15,published-static-page
ai-front-desk-fort-worth-restaurants,AI front desk Fort Worth restaurants,restaurants,2026-07-16,published-static-page
restaurant-reservation-ai-dfw,restaurant reservation AI DFW,restaurants,2026-07-17,published-static-page
after-hours-restaurant-phone-answering-dallas,after hours restaurant phone answering Dallas,restaurants,2026-07-18,published-static-page
private-event-inquiry-automation-dfw,private event inquiry automation DFW restaurants,restaurants,2026-07-19,published-static-page
catering-lead-follow-up-dallas-restaurants,catering lead follow up Dallas restaurants,restaurants,2026-07-20,published-static-page
hvac-missed-call-text-back-dallas,HVAC missed call text back Dallas,home services,2026-07-21,published-static-page
plumbing-lead-response-automation-fort-worth,plumbing lead response automation Fort Worth,home services,2026-07-22,published-static-page
roofing-lead-intake-ai-dfw,roofing lead intake AI DFW,home services,2026-07-23,published-static-page
garage-door-lead-follow-up-dallas,garage door lead follow up Dallas,home services,2026-07-24,published-static-page
med-spa-lead-response-automation-dallas,med spa lead response automation Dallas,med spas,2026-07-25,published-static-page
dental-office-missed-call-automation-dfw,dental office missed call automation DFW,healthcare,2026-07-26,published-static-page
whatsapp-business-automation-dallas,WhatsApp business automation Dallas,local services,2026-07-27,published-static-page
telegram-intake-automation-dfw,Telegram intake automation DFW,local services,2026-07-28,published-static-page
ai-customer-intake-small-business-dallas,AI customer intake small business Dallas,local services,2026-07-29,published-static-page
lead-capture-automation-fort-worth,lead capture automation Fort Worth,local services,2026-07-30,published-static-page
booking-handoff-automation-dfw,booking handoff automation DFW,local services,2026-07-31,published-static-page
customer-follow-up-automation-dallas,customer follow up automation Dallas,local services,2026-08-01,published-static-page
ai-receptionist-dallas-small-business,AI receptionist Dallas small business,local services,2026-08-02,published-static-page
ai-receptionist-fort-worth-small-business,AI receptionist Fort Worth small business,local services,2026-08-03,published-static-page
missed-lead-recovery-dfw,missed lead recovery DFW,local services,2026-08-04,published-static-page
speed-to-lead-automation-dallas,speed to lead automation Dallas,local services,2026-08-05,published-static-page
service-business-ai-workflows-dfw,service business AI workflows DFW,home services,2026-08-06,published-static-page
local-business-workflow-automation-dallas,local business workflow automation Dallas,local services,2026-08-07,published-static-page
spanish-english-ai-front-desk-dallas,bilingual AI front desk Dallas,local services,2026-08-08,published-static-page
restaurant-phone-ai-plano,restaurant phone AI Plano,restaurants,2026-08-09,published-static-page
home-services-ai-intake-frisco,home services AI intake Frisco,home services,2026-08-10,published-static-page
ai-booking-assistant-arlington-tx,AI booking assistant Arlington TX,local services,2026-08-11,published-static-page
small-business-crm-follow-up-dfw,small business CRM follow up automation DFW,local services,2026-08-12,published-static-page
ai-front-desk-roi-dfw,AI front desk ROI DFW,local services,2026-08-13,published-static-page
