publish_date,keyword,url,linkedin_snippet,twitter_snippet
2026-07-16,AI workflow automation Dallas services,https://www.operive.com/blog/ai-workflow-automation-dallas-services/,"New Operive guide: AI workflow automation Dallas services. A practical breakdown of the first workflow to automate, what to measure, and how DFW teams can capture leads faster without adding operational chaos. https://www.operive.com/blog/ai-workflow-automation-dallas-services/","New guide: AI workflow automation Dallas services. What to automate first, how to measure it, and how DFW teams can capture leads faster. https://www.operive.com/blog/ai-workflow-automation-dallas-services/"
2026-07-17,AI workflow automation Dallas company,https://www.operive.com/blog/ai-workflow-automation-dallas-company/,"New Operive guide: AI workflow automation Dallas company. A practical breakdown of the first workflow to automate, what to measure, and how DFW teams can capture leads faster without adding operational chaos. https://www.operive.com/blog/ai-workflow-automation-dallas-company/","New guide: AI workflow automation Dallas company. What to automate first, how to measure it, and how DFW teams can capture leads faster. https://www.operive.com/blog/ai-workflow-automation-dallas-company/"
2026-07-18,AI workflow automation Dallas consultant,https://www.operive.com/blog/ai-workflow-automation-dallas-consultant/,"New Operive guide: AI workflow automation Dallas consultant. A practical breakdown of the first workflow to automate, what to measure, and how DFW teams can capture leads faster without adding operational chaos. https://www.operive.com/blog/ai-workflow-automation-dallas-consultant/","New guide: AI workflow automation Dallas consultant. What to automate first, how to measure it, and how DFW teams can capture leads faster. https://www.operive.com/blog/ai-workflow-automation-dallas-consultant/"
2026-07-19,AI workflow automation Dallas agency,https://www.operive.com/blog/ai-workflow-automation-dallas-agency/,"New Operive guide: AI workflow automation Dallas agency. A practical breakdown of the first workflow to automate, what to measure, and how DFW teams can capture leads faster without adding operational chaos. https://www.operive.com/blog/ai-workflow-automation-dallas-agency/","New guide: AI workflow automation Dallas agency. What to automate first, how to measure it, and how DFW teams can capture leads faster. https://www.operive.com/blog/ai-workflow-automation-dallas-agency/"
2026-07-20,AI workflow automation Dallas implementation,https://www.operive.com/blog/ai-workflow-automation-dallas-implementation/,"New Operive guide: AI workflow automation Dallas implementation. A practical breakdown of the first workflow to automate, what to measure, and how DFW teams can capture leads faster without adding operational chaos. https://www.operive.com/blog/ai-workflow-automation-dallas-implementation/","New guide: AI workflow automation Dallas implementation. What to automate first, how to measure it, and how DFW teams can capture leads faster. https://www.operive.com/blog/ai-workflow-automation-dallas-implementation/"
2026-07-21,AI workflow automation Dallas pricing,https://www.operive.com/blog/ai-workflow-automation-dallas-pricing/,"New Operive guide: AI workflow automation Dallas pricing. A practical breakdown of the first workflow to automate, what to measure, and how DFW teams can capture leads faster without adding operational chaos. https://www.operive.com/blog/ai-workflow-automation-dallas-pricing/","New guide: AI workflow automation Dallas pricing. What to automate first, how to measure it, and how DFW teams can capture leads faster. https://www.operive.com/blog/ai-workflow-automation-dallas-pricing/"
2026-07-22,AI workflow automation Dallas near me,https://www.operive.com/blog/ai-workflow-automation-dallas-near-me/,"New Operive guide: AI workflow automation Dallas near me. A practical breakdown of the first workflow to automate, what to measure, and how DFW teams can capture leads faster without adding operational chaos. https://www.operive.com/blog/ai-workflow-automation-dallas-near-me/","New guide: AI workflow automation Dallas near me. What to automate first, how to measure it, and how DFW teams can capture leads faster. https://www.operive.com/blog/ai-workflow-automation-dallas-near-me/"
2026-07-23,AI workflow automation Dallas for small business,https://www.operive.com/blog/ai-workflow-automation-dallas-for-small-business/,"New Operive guide: AI workflow automation Dallas for small business. A practical breakdown of the first workflow to automate, what to measure, and how DFW teams can capture leads faster without adding operational chaos. https://www.operive.com/blog/ai-workflow-automation-dallas-for-small-business/","New guide: AI workflow automation Dallas for small business. What to automate first, how to measure it, and how DFW teams can capture leads faster. https://www.operive.com/blog/ai-workflow-automation-dallas-for-small-business/"
2026-07-24,AI workflow automation Dallas for restaurants,https://www.operive.com/blog/ai-workflow-automation-dallas-for-restaurants/,"New Operive guide: AI workflow automation Dallas for restaurants. A practical breakdown of the first workflow to automate, what to measure, and how DFW teams can capture leads faster without adding operational chaos. https://www.operive.com/blog/ai-workflow-automation-dallas-for-restaurants/","New guide: AI workflow automation Dallas for restaurants. What to automate first, how to measure it, and how DFW teams can capture leads faster. https://www.operive.com/blog/ai-workflow-automation-dallas-for-restaurants/"
2026-07-25,AI workflow automation Dallas for home services,https://www.operive.com/blog/ai-workflow-automation-dallas-for-home-services/,"New Operive guide: AI workflow automation Dallas for home services. A practical breakdown of the first workflow to automate, what to measure, and how DFW teams can capture leads faster without adding operational chaos. https://www.operive.com/blog/ai-workflow-automation-dallas-for-home-services/","New guide: AI workflow automation Dallas for home services. What to automate first, how to measure it, and how DFW teams can capture leads faster. https://www.operive.com/blog/ai-workflow-automation-dallas-for-home-services/"
2026-07-26,AI workflow automation Dallas for med spas,https://www.operive.com/blog/ai-workflow-automation-dallas-for-med-spas/,"New Operive guide: AI workflow automation Dallas for med spas. A practical breakdown of the first workflow to automate, what to measure, and how DFW teams can capture leads faster without adding operational chaos. https://www.operive.com/blog/ai-workflow-automation-dallas-for-med-spas/","New guide: AI workflow automation Dallas for med spas. What to automate first, how to measure it, and how DFW teams can capture leads faster. https://www.operive.com/blog/ai-workflow-automation-dallas-for-med-spas/"
2026-07-27,AI workflow automation Dallas for dental offices,https://www.operive.com/blog/ai-workflow-automation-dallas-for-dental-offices/,"New Operive guide: AI workflow automation Dallas for dental offices. A practical breakdown of the first workflow to automate, what to measure, and how DFW teams can capture leads faster without adding operational chaos. https://www.operive.com/blog/ai-workflow-automation-dallas-for-dental-offices/","New guide: AI workflow automation Dallas for dental offices. What to automate first, how to measure it, and how DFW teams can capture leads faster. https://www.operive.com/blog/ai-workflow-automation-dallas-for-dental-offices/"
2026-07-28,AI workflow automation Dallas workflow audit,https://www.operive.com/blog/ai-workflow-automation-dallas-workflow-audit/,"New Operive guide: AI workflow automation Dallas workflow audit. A practical breakdown of the first workflow to automate, what to measure, and how DFW teams can capture leads faster without adding operational chaos. https://www.operive.com/blog/ai-workflow-automation-dallas-workflow-audit/","New guide: AI workflow automation Dallas workflow audit. What to automate first, how to measure it, and how DFW teams can capture leads faster. https://www.operive.com/blog/ai-workflow-automation-dallas-workflow-audit/"
2026-07-29,AI workflow automation Dallas lead response,https://www.operive.com/blog/ai-workflow-automation-dallas-lead-response/,"New Operive guide: AI workflow automation Dallas lead response. A practical breakdown of the first workflow to automate, what to measure, and how DFW teams can capture leads faster without adding operational chaos. https://www.operive.com/blog/ai-workflow-automation-dallas-lead-response/","New guide: AI workflow automation Dallas lead response. What to automate first, how to measure it, and how DFW teams can capture leads faster. https://www.operive.com/blog/ai-workflow-automation-dallas-lead-response/"
2026-07-30,AI workflow automation Dallas intake automation,https://www.operive.com/blog/ai-workflow-automation-dallas-intake-automation/,"New Operive guide: AI workflow automation Dallas intake automation. A practical breakdown of the first workflow to automate, what to measure, and how DFW teams can capture leads faster without adding operational chaos. https://www.operive.com/blog/ai-workflow-automation-dallas-intake-automation/","New guide: AI workflow automation Dallas intake automation. What to automate first, how to measure it, and how DFW teams can capture leads faster. https://www.operive.com/blog/ai-workflow-automation-dallas-intake-automation/"
2026-07-31,DFW business process automation services,https://www.operive.com/blog/dfw-business-process-automation-services/,"New Operive guide: DFW business process automation services. A practical breakdown of the first workflow to automate, what to measure, and how DFW teams can capture leads faster without adding operational chaos. https://www.operive.com/blog/dfw-business-process-automation-services/","New guide: DFW business process automation services. What to automate first, how to measure it, and how DFW teams can capture leads faster. https://www.operive.com/blog/dfw-business-process-automation-services/"
2026-08-01,DFW business process automation company,https://www.operive.com/blog/dfw-business-process-automation-company/,"New Operive guide: DFW business process automation company. A practical breakdown of the first workflow to automate, what to measure, and how DFW teams can capture leads faster without adding operational chaos. https://www.operive.com/blog/dfw-business-process-automation-company/","New guide: DFW business process automation company. What to automate first, how to measure it, and how DFW teams can capture leads faster. https://www.operive.com/blog/dfw-business-process-automation-company/"
2026-08-02,DFW business process automation consultant,https://www.operive.com/blog/dfw-business-process-automation-consultant/,"New Operive guide: DFW business process automation consultant. A practical breakdown of the first workflow to automate, what to measure, and how DFW teams can capture leads faster without adding operational chaos. https://www.operive.com/blog/dfw-business-process-automation-consultant/","New guide: DFW business process automation consultant. What to automate first, how to measure it, and how DFW teams can capture leads faster. https://www.operive.com/blog/dfw-business-process-automation-consultant/"
2026-08-03,DFW business process automation agency,https://www.operive.com/blog/dfw-business-process-automation-agency/,"New Operive guide: DFW business process automation agency. A practical breakdown of the first workflow to automate, what to measure, and how DFW teams can capture leads faster without adding operational chaos. https://www.operive.com/blog/dfw-business-process-automation-agency/","New guide: DFW business process automation agency. What to automate first, how to measure it, and how DFW teams can capture leads faster. https://www.operive.com/blog/dfw-business-process-automation-agency/"
2026-08-04,DFW business process automation implementation,https://www.operive.com/blog/dfw-business-process-automation-implementation/,"New Operive guide: DFW business process automation implementation. A practical breakdown of the first workflow to automate, what to measure, and how DFW teams can capture leads faster without adding operational chaos. https://www.operive.com/blog/dfw-business-process-automation-implementation/","New guide: DFW business process automation implementation. What to automate first, how to measure it, and how DFW teams can capture leads faster. https://www.operive.com/blog/dfw-business-process-automation-implementation/"
2026-08-05,DFW business process automation pricing,https://www.operive.com/blog/dfw-business-process-automation-pricing/,"New Operive guide: DFW business process automation pricing. A practical breakdown of the first workflow to automate, what to measure, and how DFW teams can capture leads faster without adding operational chaos. https://www.operive.com/blog/dfw-business-process-automation-pricing/","New guide: DFW business process automation pricing. What to automate first, how to measure it, and how DFW teams can capture leads faster. https://www.operive.com/blog/dfw-business-process-automation-pricing/"
2026-08-06,DFW business process automation near me,https://www.operive.com/blog/dfw-business-process-automation-near-me/,"New Operive guide: DFW business process automation near me. A practical breakdown of the first workflow to automate, what to measure, and how DFW teams can capture leads faster without adding operational chaos. https://www.operive.com/blog/dfw-business-process-automation-near-me/","New guide: DFW business process automation near me. What to automate first, how to measure it, and how DFW teams can capture leads faster. https://www.operive.com/blog/dfw-business-process-automation-near-me/"
2026-08-07,DFW business process automation for small business,https://www.operive.com/blog/dfw-business-process-automation-for-small-business/,"New Operive guide: DFW business process automation for small business. A practical breakdown of the first workflow to automate, what to measure, and how DFW teams can capture leads faster without adding operational chaos. https://www.operive.com/blog/dfw-business-process-automation-for-small-business/","New guide: DFW business process automation for small business. What to automate first, how to measure it, and how DFW teams can capture leads faster. https://www.operive.com/blog/dfw-business-process-automation-for-small-business/"
2026-08-08,DFW business process automation for restaurants,https://www.operive.com/blog/dfw-business-process-automation-for-restaurants/,"New Operive guide: DFW business process automation for restaurants. A practical breakdown of the first workflow to automate, what to measure, and how DFW teams can capture leads faster without adding operational chaos. https://www.operive.com/blog/dfw-business-process-automation-for-restaurants/","New guide: DFW business process automation for restaurants. What to automate first, how to measure it, and how DFW teams can capture leads faster. https://www.operive.com/blog/dfw-business-process-automation-for-restaurants/"
2026-08-09,DFW business process automation for home services,https://www.operive.com/blog/dfw-business-process-automation-for-home-services/,"New Operive guide: DFW business process automation for home services. A practical breakdown of the first workflow to automate, what to measure, and how DFW teams can capture leads faster without adding operational chaos. https://www.operive.com/blog/dfw-business-process-automation-for-home-services/","New guide: DFW business process automation for home services. What to automate first, how to measure it, and how DFW teams can capture leads faster. https://www.operive.com/blog/dfw-business-process-automation-for-home-services/"
2026-08-10,DFW business process automation for med spas,https://www.operive.com/blog/dfw-business-process-automation-for-med-spas/,"New Operive guide: DFW business process automation for med spas. A practical breakdown of the first workflow to automate, what to measure, and how DFW teams can capture leads faster without adding operational chaos. https://www.operive.com/blog/dfw-business-process-automation-for-med-spas/","New guide: DFW business process automation for med spas. What to automate first, how to measure it, and how DFW teams can capture leads faster. https://www.operive.com/blog/dfw-business-process-automation-for-med-spas/"
2026-08-11,DFW business process automation for dental offices,https://www.operive.com/blog/dfw-business-process-automation-for-dental-offices/,"New Operive guide: DFW business process automation for dental offices. A practical breakdown of the first workflow to automate, what to measure, and how DFW teams can capture leads faster without adding operational chaos. https://www.operive.com/blog/dfw-business-process-automation-for-dental-offices/","New guide: DFW business process automation for dental offices. What to automate first, how to measure it, and how DFW teams can capture leads faster. https://www.operive.com/blog/dfw-business-process-automation-for-dental-offices/"
2026-08-12,DFW business process automation workflow audit,https://www.operive.com/blog/dfw-business-process-automation-workflow-audit/,"New Operive guide: DFW business process automation workflow audit. A practical breakdown of the first workflow to automate, what to measure, and how DFW teams can capture leads faster without adding operational chaos. https://www.operive.com/blog/dfw-business-process-automation-workflow-audit/","New guide: DFW business process automation workflow audit. What to automate first, how to measure it, and how DFW teams can capture leads faster. https://www.operive.com/blog/dfw-business-process-automation-workflow-audit/"
2026-08-13,DFW business process automation lead response,https://www.operive.com/blog/dfw-business-process-automation-lead-response/,"New Operive guide: DFW business process automation lead response. A practical breakdown of the first workflow to automate, what to measure, and how DFW teams can capture leads faster without adding operational chaos. https://www.operive.com/blog/dfw-business-process-automation-lead-response/","New guide: DFW business process automation lead response. What to automate first, how to measure it, and how DFW teams can capture leads faster. https://www.operive.com/blog/dfw-business-process-automation-lead-response/"
2026-08-14,DFW business process automation intake automation,https://www.operive.com/blog/dfw-business-process-automation-intake-automation/,"New Operive guide: DFW business process automation intake automation. A practical breakdown of the first workflow to automate, what to measure, and how DFW teams can capture leads faster without adding operational chaos. https://www.operive.com/blog/dfw-business-process-automation-intake-automation/","New guide: DFW business process automation intake automation. What to automate first, how to measure it, and how DFW teams can capture leads faster. https://www.operive.com/blog/dfw-business-process-automation-intake-automation/"
